project.project_id	cases.case_id	cases.submitter_id	samples.sample_id	samples.submitter_id	portions.creation_datetime	portions.is_ffpe	portions.portion_id	portions.portion_number	portions.state	portions.submitter_id	portions.weight
WCDT-MCRPC	c6447846-99e5-417d-847a-aab90ff97b53	DTB-023	1b925650-15a9-49a9-9c65-22a2d197dc19	DTB-023-BL	'--	'--	ddf4c682-78b4-53d5-b505-f3c355d7dc30	'--	'--	'--	'--
WCDT-MCRPC	c6447846-99e5-417d-847a-aab90ff97b53	DTB-023	1b925650-15a9-49a9-9c65-22a2d197dc19	DTB-023-BL	'--	'--	031445a4-3b4b-517c-a9bf-5208fe9b97b6	'--	'--	'--	'--
WCDT-MCRPC	c6447846-99e5-417d-847a-aab90ff97b53	DTB-023	1b925650-15a9-49a9-9c65-22a2d197dc19	DTB-023-BL	'--	'--	03df7237-a60e-5074-9246-e4733fe2e2e4	'--	'--	'--	'--
WCDT-MCRPC	c6447846-99e5-417d-847a-aab90ff97b53	DTB-023	ccff5f6a-bf2c-4553-8a6e-8baff5fced35	DTB-023-N	'--	'--	eba92e5b-e0ed-5c77-83c5-bd675731a39d	'--	'--	'--	'--
WCDT-MCRPC	8bf38b3c-ba5d-44ea-a4ad-76d495328a20	DTB-140	1a70bb05-a3c0-416f-8f8a-c2d08024de21	DTB-140-BL	'--	'--	4a2a7fe7-f719-5ef0-9491-ba05449a41ee	'--	'--	'--	'--
WCDT-MCRPC	8bf38b3c-ba5d-44ea-a4ad-76d495328a20	DTB-140	1a70bb05-a3c0-416f-8f8a-c2d08024de21	DTB-140-BL	'--	'--	0b05e2ce-5ac2-5ff7-94c7-b8dfd0092457	'--	'--	'--	'--
WCDT-MCRPC	8bf38b3c-ba5d-44ea-a4ad-76d495328a20	DTB-140	1a70bb05-a3c0-416f-8f8a-c2d08024de21	DTB-140-BL	'--	'--	b13b6553-2f5f-5e3d-9523-48d9f734154e	'--	'--	'--	'--
WCDT-MCRPC	8bf38b3c-ba5d-44ea-a4ad-76d495328a20	DTB-140	c579ca61-2206-4d30-a9df-cc9ee2af3b33	DTB-140-N	'--	'--	ef58753b-de70-54d6-90cd-5f10a4803139	'--	'--	'--	'--
WCDT-MCRPC	413042c2-af12-442d-876e-39da4b980a2c	DTB-059	11ba3b26-c1a5-4624-8f4d-6f3dddd7df54	DTB-059-BL	'--	'--	0b98f679-aeea-5538-b9c0-2a0ad327e143	'--	'--	'--	'--
WCDT-MCRPC	413042c2-af12-442d-876e-39da4b980a2c	DTB-059	11ba3b26-c1a5-4624-8f4d-6f3dddd7df54	DTB-059-BL	'--	'--	2f4feb3b-6454-5539-bfc3-ae404d437874	'--	'--	'--	'--
WCDT-MCRPC	413042c2-af12-442d-876e-39da4b980a2c	DTB-059	11ba3b26-c1a5-4624-8f4d-6f3dddd7df54	DTB-059-BL	'--	'--	bbd2f9e5-a75b-54d4-af78-45a110945d7e	'--	'--	'--	'--
WCDT-MCRPC	413042c2-af12-442d-876e-39da4b980a2c	DTB-059	6fbfa3a8-dec2-4924-acac-9672e57c6e3f	DTB-059-N	'--	'--	dacab3a9-ff14-5060-ad38-38e50d1beb50	'--	'--	'--	'--
WCDT-MCRPC	e5e72524-cd9a-46d1-9980-b659410f5cd4	DTB-205	1425ef2b-0c94-4b76-a664-4f8ccf9622ec	DTB-205-N	'--	'--	ba88f5e5-b06b-5f46-83bc-1d69dc5c8af0	'--	'--	'--	'--
WCDT-MCRPC	e5e72524-cd9a-46d1-9980-b659410f5cd4	DTB-205	6e2107d7-36d9-4db1-b6bc-2d200ae28583	DTB-205-BL	'--	'--	727b57be-a7ce-58d3-ad20-17c4757f9573	'--	'--	'--	'--
WCDT-MCRPC	e5e72524-cd9a-46d1-9980-b659410f5cd4	DTB-205	6e2107d7-36d9-4db1-b6bc-2d200ae28583	DTB-205-BL	'--	'--	74b811af-6ca8-5e59-a62d-af0845b72781	'--	'--	'--	'--
WCDT-MCRPC	e5e72524-cd9a-46d1-9980-b659410f5cd4	DTB-205	6e2107d7-36d9-4db1-b6bc-2d200ae28583	DTB-205-BL	'--	'--	e67d0358-1f78-5092-8048-1a4292dbc03c	'--	'--	'--	'--
WCDT-MCRPC	dddb6c77-70e0-44a2-b19a-39ec2c8efc1d	DTB-128	24cf9af5-3a2d-43b1-9e55-cf9105bee2d3	DTB-128-BL	'--	'--	572b196b-7f45-535e-843c-d69516a2eb05	'--	'--	'--	'--
WCDT-MCRPC	dddb6c77-70e0-44a2-b19a-39ec2c8efc1d	DTB-128	24cf9af5-3a2d-43b1-9e55-cf9105bee2d3	DTB-128-BL	'--	'--	c6dcd5f2-fa19-5d1c-9480-24bd2dc3db34	'--	'--	'--	'--
WCDT-MCRPC	dddb6c77-70e0-44a2-b19a-39ec2c8efc1d	DTB-128	24cf9af5-3a2d-43b1-9e55-cf9105bee2d3	DTB-128-BL	'--	'--	5006df99-8bd9-5f3a-8500-1995d52ffc9c	'--	'--	'--	'--
WCDT-MCRPC	dddb6c77-70e0-44a2-b19a-39ec2c8efc1d	DTB-128	dde0e4e5-d789-4415-ac24-ce6bc491a0f7	DTB-128-N	'--	'--	906c341e-7843-5174-a821-945bb1748fcb	'--	'--	'--	'--
WCDT-MCRPC	e809dc9c-1df5-45ee-b41e-5447feb6a447	DTB-223	0cf01169-ff2b-4d8a-9d15-65a608577a5d	DTB-223-N	'--	'--	3cc68177-1396-5f5b-9be1-8d8b0a5319d9	'--	'--	'--	'--
WCDT-MCRPC	e809dc9c-1df5-45ee-b41e-5447feb6a447	DTB-223	cb93e36e-b4cf-4022-9c08-61501c588b1a	DTB-223-BL	'--	'--	08504a9c-15ef-5bea-82ac-1885d3eb13b9	'--	'--	'--	'--
WCDT-MCRPC	e809dc9c-1df5-45ee-b41e-5447feb6a447	DTB-223	cb93e36e-b4cf-4022-9c08-61501c588b1a	DTB-223-BL	'--	'--	eb6c4ddd-652d-5547-a408-3e78281d1bdf	'--	'--	'--	'--
WCDT-MCRPC	e809dc9c-1df5-45ee-b41e-5447feb6a447	DTB-223	cb93e36e-b4cf-4022-9c08-61501c588b1a	DTB-223-BL	'--	'--	667140ac-57e7-535c-ac06-5b4829e7d544	'--	'--	'--	'--
WCDT-MCRPC	2bb2fe8d-8e69-460d-999b-61a4e32ccd2c	DTB-067	4d7450ae-6f96-45bb-8359-507c9d5d7a98	DTB-067-N	'--	'--	4b54248f-c1b0-5690-a4a1-8c39fd95e41d	'--	'--	'--	'--
WCDT-MCRPC	2bb2fe8d-8e69-460d-999b-61a4e32ccd2c	DTB-067	a2830d00-4fda-4847-954c-f050bd4c1a36	DTB-067-PRO	'--	'--	9a76f6cc-45e9-5bd8-8a89-0b3777f321c1	'--	'--	'--	'--
WCDT-MCRPC	2bb2fe8d-8e69-460d-999b-61a4e32ccd2c	DTB-067	a2830d00-4fda-4847-954c-f050bd4c1a36	DTB-067-PRO	'--	'--	8137fc68-0795-5e62-a342-68efc85208cc	'--	'--	'--	'--
WCDT-MCRPC	2bb2fe8d-8e69-460d-999b-61a4e32ccd2c	DTB-067	a2830d00-4fda-4847-954c-f050bd4c1a36	DTB-067-PRO	'--	'--	fcf4aab5-33b1-5154-b4d3-3ad3a8ff37c1	'--	'--	'--	'--
WCDT-MCRPC	2c02bcf1-97ef-43aa-b15d-523f1ac1f6a1	DTB-214	9530c9eb-543f-451d-8960-fb8dfec19a5b	DTB-214-N	'--	'--	af95b887-2a5f-5829-b3f3-16fe9f20e69b	'--	'--	'--	'--
WCDT-MCRPC	2c02bcf1-97ef-43aa-b15d-523f1ac1f6a1	DTB-214	ea22b076-4597-4242-afa8-9ad57f0a2c68	DTB-214-BL	'--	'--	51386bfb-a416-5014-8b17-a1764fdc80a5	'--	'--	'--	'--
WCDT-MCRPC	2c02bcf1-97ef-43aa-b15d-523f1ac1f6a1	DTB-214	ea22b076-4597-4242-afa8-9ad57f0a2c68	DTB-214-BL	'--	'--	6e3181ea-6b5e-59cb-9ae9-43014fb5c394	'--	'--	'--	'--
WCDT-MCRPC	2c02bcf1-97ef-43aa-b15d-523f1ac1f6a1	DTB-214	ea22b076-4597-4242-afa8-9ad57f0a2c68	DTB-214-BL	'--	'--	d1126b70-190f-50a1-8838-c9bbb66b8d71	'--	'--	'--	'--
WCDT-MCRPC	074e4294-e2f7-4723-9ed2-a5372f1e0f14	DTB-187	0462d251-7cea-4e30-aea3-3a2980a29292	DTB-187-N	'--	'--	c5ff1f9b-6dea-5ff3-a50c-ea902bcc5c71	'--	'--	'--	'--
WCDT-MCRPC	074e4294-e2f7-4723-9ed2-a5372f1e0f14	DTB-187	9cd093c0-6bf0-43ac-a5c1-0024dfdf7e69	DTB-187-BL	'--	'--	93ab69c6-31f3-57fd-aeb0-f370a2ba33fb	'--	'--	'--	'--
WCDT-MCRPC	074e4294-e2f7-4723-9ed2-a5372f1e0f14	DTB-187	9cd093c0-6bf0-43ac-a5c1-0024dfdf7e69	DTB-187-BL	'--	'--	a0ea68f7-1a6f-5d0b-8373-8ade09d49849	'--	'--	'--	'--
WCDT-MCRPC	074e4294-e2f7-4723-9ed2-a5372f1e0f14	DTB-187	9cd093c0-6bf0-43ac-a5c1-0024dfdf7e69	DTB-187-BL	'--	'--	fd1df61b-ac17-575c-be18-5de580707a72	'--	'--	'--	'--
WCDT-MCRPC	92e291b1-ea80-4890-be5a-2bf479de13b7	DTB-064	2a9ccb75-595c-4f1d-b211-352ecd8227ca	DTB-064-BL	'--	'--	7b3db0e4-b695-52bf-8869-d3d7536b5bbf	'--	'--	'--	'--
WCDT-MCRPC	92e291b1-ea80-4890-be5a-2bf479de13b7	DTB-064	2a9ccb75-595c-4f1d-b211-352ecd8227ca	DTB-064-BL	'--	'--	735ff80e-5680-5fa2-aab4-8e48cf9af810	'--	'--	'--	'--
WCDT-MCRPC	92e291b1-ea80-4890-be5a-2bf479de13b7	DTB-064	2a9ccb75-595c-4f1d-b211-352ecd8227ca	DTB-064-BL	'--	'--	403249d0-447f-53df-91b9-c0d42840992a	'--	'--	'--	'--
WCDT-MCRPC	92e291b1-ea80-4890-be5a-2bf479de13b7	DTB-064	e1a5feb8-f7e5-46d3-8250-3f53ef9742c2	DTB-064-N	'--	'--	cedf563a-9b8e-50ec-a93e-fefa0e4933fe	'--	'--	'--	'--
WCDT-MCRPC	0578a056-378a-4494-9589-277fb039d581	DTB-188	7f70714f-c188-449d-9b2d-84f8f48c45f8	DTB-188-TUMOR_ADJACENT-N	'--	'--	1a5906db-0fc9-5271-be58-4e1ff67144a2	'--	'--	'--	'--
WCDT-MCRPC	0578a056-378a-4494-9589-277fb039d581	DTB-188	887af908-58f3-4a0d-b3e3-a5e16fd32af8	DTB-188-BL	'--	'--	1c2dc026-9c5e-5073-a426-8827c3150da1	'--	'--	'--	'--
WCDT-MCRPC	0578a056-378a-4494-9589-277fb039d581	DTB-188	887af908-58f3-4a0d-b3e3-a5e16fd32af8	DTB-188-BL	'--	'--	90f7c640-5844-59ee-8e78-8bbb06828360	'--	'--	'--	'--
WCDT-MCRPC	0578a056-378a-4494-9589-277fb039d581	DTB-188	887af908-58f3-4a0d-b3e3-a5e16fd32af8	DTB-188-BL	'--	'--	973d1184-b669-5ec2-b6a9-791685a9cdb1	'--	'--	'--	'--
WCDT-MCRPC	0578a056-378a-4494-9589-277fb039d581	DTB-188	95646972-ec77-480b-8be2-6c6f5448b150	DTB-188-N	'--	'--	b29dd4e4-0592-565f-bd47-53fe052d1803	'--	'--	'--	'--
WCDT-MCRPC	31dc6441-0e02-4775-bd86-b9717a8c5629	DTB-170	c998b7e7-e966-4660-9454-a4355793a442	DTB-170-BL	'--	'--	c24e9d7b-f8d2-5bf4-8bde-c16ea10ceeba	'--	'--	'--	'--
WCDT-MCRPC	31dc6441-0e02-4775-bd86-b9717a8c5629	DTB-170	c998b7e7-e966-4660-9454-a4355793a442	DTB-170-BL	'--	'--	1cd95128-a862-5bf5-abf6-202e56330b55	'--	'--	'--	'--
WCDT-MCRPC	31dc6441-0e02-4775-bd86-b9717a8c5629	DTB-170	c998b7e7-e966-4660-9454-a4355793a442	DTB-170-BL	'--	'--	c503f1e4-7435-5a24-bb16-d4bce08bce70	'--	'--	'--	'--
WCDT-MCRPC	31dc6441-0e02-4775-bd86-b9717a8c5629	DTB-170	d3f2f858-3c4d-4007-8601-41f939e78223	DTB-170-N	'--	'--	562abaa6-572d-5fe8-8411-df2e4a42e547	'--	'--	'--	'--
WCDT-MCRPC	7ea8761b-8e62-4afa-850e-1601e4b53fbf	DTB-060	079df89c-9bdd-45d8-bfad-654a49c8d0ad	DTB-060-N	'--	'--	389a868d-ccac-5907-b420-b826e3f98416	'--	'--	'--	'--
WCDT-MCRPC	7ea8761b-8e62-4afa-850e-1601e4b53fbf	DTB-060	d2ba98fd-042b-4173-bce9-b39333f827ab	DTB-060-BL	'--	'--	624bf530-c923-543f-bd32-3dacd68273c7	'--	'--	'--	'--
WCDT-MCRPC	7ea8761b-8e62-4afa-850e-1601e4b53fbf	DTB-060	d2ba98fd-042b-4173-bce9-b39333f827ab	DTB-060-BL	'--	'--	0dae3234-9925-5af7-8a03-0215a64f8c89	'--	'--	'--	'--
WCDT-MCRPC	7ea8761b-8e62-4afa-850e-1601e4b53fbf	DTB-060	d2ba98fd-042b-4173-bce9-b39333f827ab	DTB-060-BL	'--	'--	c3e101c9-8278-500a-b8a3-9cacfb82ed45	'--	'--	'--	'--
WCDT-MCRPC	fafb202b-36e5-4be5-8c5d-d46a9f310eb7	DTB-100	32335a35-f4a7-4a2e-a08f-6e0048fe1b28	DTB-100-N	'--	'--	72946bb2-9967-55e5-a124-b3b28985f21a	'--	'--	'--	'--
WCDT-MCRPC	fafb202b-36e5-4be5-8c5d-d46a9f310eb7	DTB-100	822d7375-83bc-4ce3-8102-e37ea73959bb	DTB-100-BL	'--	'--	70a5379c-b711-559f-a1e6-c5df2600a763	'--	'--	'--	'--
WCDT-MCRPC	fafb202b-36e5-4be5-8c5d-d46a9f310eb7	DTB-100	822d7375-83bc-4ce3-8102-e37ea73959bb	DTB-100-BL	'--	'--	7cf1f8da-0b98-52f5-8d04-bca8b7054986	'--	'--	'--	'--
WCDT-MCRPC	fafb202b-36e5-4be5-8c5d-d46a9f310eb7	DTB-100	822d7375-83bc-4ce3-8102-e37ea73959bb	DTB-100-BL	'--	'--	b1da5870-f64c-55b5-9b2f-7ec647640f18	'--	'--	'--	'--
WCDT-MCRPC	15ed66a2-9320-4b95-80db-51320c6ed066	DTB-037	056a0e87-bcd9-41b5-babc-95075ad40962	DTB-037-N	'--	'--	eb0769aa-2801-5c0a-bda7-6845ef6d1ce4	'--	'--	'--	'--
WCDT-MCRPC	15ed66a2-9320-4b95-80db-51320c6ed066	DTB-037	70c69a91-f907-4e4f-9147-f94ca79fe2b7	DTB-037-BL	'--	'--	00272a3a-9e3b-5433-b83f-15db3ff5742e	'--	'--	'--	'--
WCDT-MCRPC	15ed66a2-9320-4b95-80db-51320c6ed066	DTB-037	70c69a91-f907-4e4f-9147-f94ca79fe2b7	DTB-037-BL	'--	'--	59b9b3bc-9093-57da-8135-0d4c4a26dc1a	'--	'--	'--	'--
WCDT-MCRPC	15ed66a2-9320-4b95-80db-51320c6ed066	DTB-037	70c69a91-f907-4e4f-9147-f94ca79fe2b7	DTB-037-BL	'--	'--	e3056f5a-587b-5512-800d-9666dd7aaf54	'--	'--	'--	'--
WCDT-MCRPC	15ed66a2-9320-4b95-80db-51320c6ed066	DTB-037	d29d22fd-88ae-48ae-bef6-a88b00edc43a	DTB-037-TUMOR_ADJACENT-N	'--	'--	ead05813-3809-5024-97de-64f735332da9	'--	'--	'--	'--
WCDT-MCRPC	58ce6d65-57c9-48c5-8223-4cc1b990eaeb	DTB-077	6bf36d64-4e97-4dcc-98ab-278d8fd67d05	DTB-077-TUMOR_ADJACENT-N	'--	'--	25342fba-31bc-5c0e-824b-f875aee15794	'--	'--	'--	'--
WCDT-MCRPC	58ce6d65-57c9-48c5-8223-4cc1b990eaeb	DTB-077	bd441bf6-a5cd-4238-860c-941801f22a26	DTB-077-PRO	'--	'--	00ab2c82-c478-52cb-8c5e-b0f24fb72860	'--	'--	'--	'--
WCDT-MCRPC	58ce6d65-57c9-48c5-8223-4cc1b990eaeb	DTB-077	bd441bf6-a5cd-4238-860c-941801f22a26	DTB-077-PRO	'--	'--	59ea59fa-3680-5d12-9c56-930ffdf5ab3d	'--	'--	'--	'--
WCDT-MCRPC	58ce6d65-57c9-48c5-8223-4cc1b990eaeb	DTB-077	bd441bf6-a5cd-4238-860c-941801f22a26	DTB-077-PRO	'--	'--	c61c2474-9ac7-56fe-8b08-23b7b0408eb7	'--	'--	'--	'--
WCDT-MCRPC	58ce6d65-57c9-48c5-8223-4cc1b990eaeb	DTB-077	e34bc203-0a81-407e-812b-7be7b778de12	DTB-077-N	'--	'--	2733750d-49fd-59dd-8a06-7c4674b578f4	'--	'--	'--	'--
WCDT-MCRPC	4929ddd8-50da-444a-8689-bab89a18e7d8	DTB-266	3aaeb6af-b1bd-4f4a-a38a-a0fd80cd811b	DTB-266-BL	'--	'--	a68875ce-e991-5896-9f89-99b791d5d125	'--	'--	'--	'--
WCDT-MCRPC	4929ddd8-50da-444a-8689-bab89a18e7d8	DTB-266	3aaeb6af-b1bd-4f4a-a38a-a0fd80cd811b	DTB-266-BL	'--	'--	2fec391c-3a19-50b9-9374-610d235e4a7b	'--	'--	'--	'--
WCDT-MCRPC	4929ddd8-50da-444a-8689-bab89a18e7d8	DTB-266	3aaeb6af-b1bd-4f4a-a38a-a0fd80cd811b	DTB-266-BL	'--	'--	cfd09bb8-4418-5e9d-9d75-d891ba8f6cab	'--	'--	'--	'--
WCDT-MCRPC	4929ddd8-50da-444a-8689-bab89a18e7d8	DTB-266	ce6db023-62f6-44f4-b4bc-e46a433ab3c4	DTB-266-N	'--	'--	69f58835-e9bc-5406-812d-e0734ec8c974	'--	'--	'--	'--
WCDT-MCRPC	b2c85862-acff-4b0e-962f-9d1f898e06a8	DTB-089	27e342ea-fc32-437c-a834-494f8baaf700	DTB-089-BL	'--	'--	00919a2d-6820-59f3-a4ba-e52781a352f1	'--	'--	'--	'--
WCDT-MCRPC	b2c85862-acff-4b0e-962f-9d1f898e06a8	DTB-089	27e342ea-fc32-437c-a834-494f8baaf700	DTB-089-BL	'--	'--	2f6e090f-3fa4-5252-b6e3-dbfb95396c12	'--	'--	'--	'--
WCDT-MCRPC	b2c85862-acff-4b0e-962f-9d1f898e06a8	DTB-089	27e342ea-fc32-437c-a834-494f8baaf700	DTB-089-BL	'--	'--	be2bf8bd-ae9a-5cb2-9213-061e7e830c46	'--	'--	'--	'--
WCDT-MCRPC	b2c85862-acff-4b0e-962f-9d1f898e06a8	DTB-089	9cd90d87-4604-41da-9950-72af133da3b4	DTB-089-N	'--	'--	e01df5a5-8f1c-5988-b0ed-d3c558ec6acf	'--	'--	'--	'--
WCDT-MCRPC	dbfd7718-e200-4527-9cb2-afce87ee43a4	DTB-206	20fc2428-8bfb-4d2d-85ae-fe42caa1de5c	DTB-206-BL	'--	'--	a02c4743-9328-5bab-8081-7cb86ab3b2d6	'--	'--	'--	'--
WCDT-MCRPC	dbfd7718-e200-4527-9cb2-afce87ee43a4	DTB-206	20fc2428-8bfb-4d2d-85ae-fe42caa1de5c	DTB-206-BL	'--	'--	cbb6ed29-6e69-58d0-8748-6a077cc51415	'--	'--	'--	'--
WCDT-MCRPC	dbfd7718-e200-4527-9cb2-afce87ee43a4	DTB-206	20fc2428-8bfb-4d2d-85ae-fe42caa1de5c	DTB-206-BL	'--	'--	c0bfdbad-e891-5904-8c4a-14cf12395acb	'--	'--	'--	'--
WCDT-MCRPC	dbfd7718-e200-4527-9cb2-afce87ee43a4	DTB-206	95517629-9d59-4957-9025-5d050eb797b4	DTB-206-N	'--	'--	a2be1d32-c589-59e4-b25c-42232cdfff0e	'--	'--	'--	'--
WCDT-MCRPC	d613aec0-5fce-4d40-be14-dfcd4b1da0d7	DTB-261	4b6de7d5-ad36-4ec0-adce-0ac758876689	DTB-261-BL	'--	'--	7af89d53-2c57-5386-8e2c-0236edd70095	'--	'--	'--	'--
WCDT-MCRPC	d613aec0-5fce-4d40-be14-dfcd4b1da0d7	DTB-261	4b6de7d5-ad36-4ec0-adce-0ac758876689	DTB-261-BL	'--	'--	1ed6b222-a3b8-5e14-a713-f97368867314	'--	'--	'--	'--
WCDT-MCRPC	d613aec0-5fce-4d40-be14-dfcd4b1da0d7	DTB-261	4b6de7d5-ad36-4ec0-adce-0ac758876689	DTB-261-BL	'--	'--	94b8c76d-8fdd-58e2-8787-bdc3ff25e254	'--	'--	'--	'--
WCDT-MCRPC	d613aec0-5fce-4d40-be14-dfcd4b1da0d7	DTB-261	c1e5bdc9-9ba3-4fcf-bd4d-e9dfa88ef880	DTB-261-N	'--	'--	a181a777-b035-5d7e-a9c6-9cc64258ae4c	'--	'--	'--	'--
WCDT-MCRPC	8b94299e-7384-45ba-9532-8c545f9582d8	DTB-034	3858e68b-a356-4aa5-a9c7-df9418d6c514	DTB-034-BL	'--	'--	81b93184-852c-5f18-bdf9-9233648ba2e5	'--	'--	'--	'--
WCDT-MCRPC	8b94299e-7384-45ba-9532-8c545f9582d8	DTB-034	3858e68b-a356-4aa5-a9c7-df9418d6c514	DTB-034-BL	'--	'--	2f87146f-89ff-5131-b654-8c5d24c64fdf	'--	'--	'--	'--
WCDT-MCRPC	8b94299e-7384-45ba-9532-8c545f9582d8	DTB-034	3858e68b-a356-4aa5-a9c7-df9418d6c514	DTB-034-BL	'--	'--	848644ce-2ce0-575c-a022-2eba9f8f18fc	'--	'--	'--	'--
WCDT-MCRPC	8b94299e-7384-45ba-9532-8c545f9582d8	DTB-034	bc1f126b-3c05-4baf-b3b5-1d5e2510f9ca	DTB-034-N	'--	'--	ac38a49f-9d3d-5818-8954-1ed4235f80c4	'--	'--	'--	'--
WCDT-MCRPC	b3c04c83-ecaf-42e2-91be-b7ad669e806a	DTB-252	499e5bbf-4f67-412a-948c-8a338e3aaa37	DTB-252-N	'--	'--	f8e7ea6c-d32a-5f1c-a6ba-0ef4cc9d610c	'--	'--	'--	'--
WCDT-MCRPC	b3c04c83-ecaf-42e2-91be-b7ad669e806a	DTB-252	7cff684f-dd5d-4087-9625-5fec94607327	DTB-252-BL	'--	'--	5305b6eb-8126-555a-b108-0069e70012d4	'--	'--	'--	'--
WCDT-MCRPC	b3c04c83-ecaf-42e2-91be-b7ad669e806a	DTB-252	7cff684f-dd5d-4087-9625-5fec94607327	DTB-252-BL	'--	'--	9413ef7a-805e-5e8a-9ef0-5a42691c0cb4	'--	'--	'--	'--
WCDT-MCRPC	b3c04c83-ecaf-42e2-91be-b7ad669e806a	DTB-252	7cff684f-dd5d-4087-9625-5fec94607327	DTB-252-BL	'--	'--	bc1c49c5-a3d4-59e8-95eb-fb73492ac1c1	'--	'--	'--	'--
WCDT-MCRPC	37b40460-4cca-4284-a137-aa2433e04ee9	DTB-143	3b1e5bc8-acb7-4436-b456-98d82e2f11f0	DTB-143-BL	'--	'--	fffc0138-e102-528a-9a49-7dad5bfbc372	'--	'--	'--	'--
WCDT-MCRPC	37b40460-4cca-4284-a137-aa2433e04ee9	DTB-143	3b1e5bc8-acb7-4436-b456-98d82e2f11f0	DTB-143-BL	'--	'--	69e4aefa-45f3-5183-a3df-814a5e2310fa	'--	'--	'--	'--
WCDT-MCRPC	37b40460-4cca-4284-a137-aa2433e04ee9	DTB-143	3b1e5bc8-acb7-4436-b456-98d82e2f11f0	DTB-143-BL	'--	'--	21c0c666-d917-5d6b-ba3e-48d3f812d9df	'--	'--	'--	'--
WCDT-MCRPC	37b40460-4cca-4284-a137-aa2433e04ee9	DTB-143	d2733660-4bdb-4461-a683-3f6a7427cf89	DTB-143-N	'--	'--	66a44275-368e-5488-a476-8cba52eb8882	'--	'--	'--	'--
WCDT-MCRPC	90480a98-dce8-43a1-b413-ab85065b008b	DTB-260	939466e6-55e7-42c2-8ddf-8f9e62b3be58	DTB-260-BL	'--	'--	b5c32621-3d50-5c46-b0c4-3c3e72b45c59	'--	'--	'--	'--
WCDT-MCRPC	90480a98-dce8-43a1-b413-ab85065b008b	DTB-260	939466e6-55e7-42c2-8ddf-8f9e62b3be58	DTB-260-BL	'--	'--	8c1da1e4-1ad4-5b93-ad83-633f234fad11	'--	'--	'--	'--
WCDT-MCRPC	90480a98-dce8-43a1-b413-ab85065b008b	DTB-260	939466e6-55e7-42c2-8ddf-8f9e62b3be58	DTB-260-BL	'--	'--	16fb084c-cd78-5727-8288-b2f6961e64ea	'--	'--	'--	'--
WCDT-MCRPC	90480a98-dce8-43a1-b413-ab85065b008b	DTB-260	c1b44a8a-fbd6-4c4c-a0e2-9a96e064b23b	DTB-260-N	'--	'--	3afbf9ec-e0e4-59d1-a487-1ab9166c6781	'--	'--	'--	'--
WCDT-MCRPC	a7168a40-b5a6-42ce-aa7a-e7f7b4323879	DTB-204	2792c071-d554-4916-b526-c5952e8bb1c2	DTB-204-N	'--	'--	f46e5bbc-a18b-5cf8-bcd7-8e431ebc610f	'--	'--	'--	'--
WCDT-MCRPC	a7168a40-b5a6-42ce-aa7a-e7f7b4323879	DTB-204	91f12749-5e8a-4443-b353-be20a09058ef	DTB-204-BL	'--	'--	51ff8aee-6f28-5e57-b00f-27327639c37f	'--	'--	'--	'--
WCDT-MCRPC	a7168a40-b5a6-42ce-aa7a-e7f7b4323879	DTB-204	91f12749-5e8a-4443-b353-be20a09058ef	DTB-204-BL	'--	'--	8a385de1-5ee4-54ac-ad18-1b44e0dbb0d5	'--	'--	'--	'--
WCDT-MCRPC	a7168a40-b5a6-42ce-aa7a-e7f7b4323879	DTB-204	91f12749-5e8a-4443-b353-be20a09058ef	DTB-204-BL	'--	'--	235ad4ef-ef6c-56c2-a49a-a2cddcc62861	'--	'--	'--	'--
WCDT-MCRPC	60ff205f-8b1e-49b0-ab15-df34f16d6b89	DTB-036	9a496a3f-70c3-4951-8b7b-86fcfaa0d77e	DTB-036-N	'--	'--	b0dafce3-e595-5b38-8d1b-1000859950b0	'--	'--	'--	'--
WCDT-MCRPC	60ff205f-8b1e-49b0-ab15-df34f16d6b89	DTB-036	b88de1d6-ead5-4d53-8e31-ee42a145ae3c	DTB-036-BL	'--	'--	4313691e-799a-5b03-82f0-8d4e464d281e	'--	'--	'--	'--
WCDT-MCRPC	60ff205f-8b1e-49b0-ab15-df34f16d6b89	DTB-036	b88de1d6-ead5-4d53-8e31-ee42a145ae3c	DTB-036-BL	'--	'--	df974f7d-867d-5c72-bfb2-01f5d4312c56	'--	'--	'--	'--
WCDT-MCRPC	60ff205f-8b1e-49b0-ab15-df34f16d6b89	DTB-036	b88de1d6-ead5-4d53-8e31-ee42a145ae3c	DTB-036-BL	'--	'--	a118db7f-f6ad-59d1-a134-05702f362a99	'--	'--	'--	'--
WCDT-MCRPC	a46e8087-e18d-4858-8c27-912ce60bfecf	DTB-210	7824364e-f7d1-44bf-8e75-52caeabac7cd	DTB-210-N	'--	'--	572ac04e-b211-5fd0-bf14-29acb383ba0b	'--	'--	'--	'--
WCDT-MCRPC	a46e8087-e18d-4858-8c27-912ce60bfecf	DTB-210	7aa3f09a-2537-4a61-a649-e30d6af166ec	DTB-210-BL	'--	'--	beb8e784-3be3-5d46-865b-1329b7d8a4ba	'--	'--	'--	'--
WCDT-MCRPC	a46e8087-e18d-4858-8c27-912ce60bfecf	DTB-210	7aa3f09a-2537-4a61-a649-e30d6af166ec	DTB-210-BL	'--	'--	b9865ee7-dd32-567c-996a-b5ee6a7f30c6	'--	'--	'--	'--
WCDT-MCRPC	a46e8087-e18d-4858-8c27-912ce60bfecf	DTB-210	7aa3f09a-2537-4a61-a649-e30d6af166ec	DTB-210-BL	'--	'--	a7c52f3e-e186-54a4-bd8e-c7f78526825a	'--	'--	'--	'--
WCDT-MCRPC	30f398f7-d499-4543-bf1a-e27dbfc65aec	DTB-055	a83f64f0-1547-4be3-9767-75f937af1952	DTB-055-N	'--	'--	2a00a696-7e17-58cb-8e64-19441ec84f6e	'--	'--	'--	'--
WCDT-MCRPC	30f398f7-d499-4543-bf1a-e27dbfc65aec	DTB-055	d53361d2-fa6e-431d-8a57-05254ce2dd94	DTB-055-PRO	'--	'--	0692e379-cbd1-595f-82d7-db1bf88ab5c8	'--	'--	'--	'--
WCDT-MCRPC	30f398f7-d499-4543-bf1a-e27dbfc65aec	DTB-055	d53361d2-fa6e-431d-8a57-05254ce2dd94	DTB-055-PRO	'--	'--	2e2cfe7a-5a04-563c-be07-b1716c7b43a8	'--	'--	'--	'--
WCDT-MCRPC	30f398f7-d499-4543-bf1a-e27dbfc65aec	DTB-055	d53361d2-fa6e-431d-8a57-05254ce2dd94	DTB-055-PRO	'--	'--	482f9748-af04-5421-866d-6ad3b81bfbd3	'--	'--	'--	'--
WCDT-MCRPC	5a469af2-d358-46d3-af7a-d2ad5543588a	DTB-097	6e917d3f-23f3-47ae-b527-74a9c5884a26	DTB-097-PRO	'--	'--	d2708fc8-e676-52ce-a42e-e17f1fe0a498	'--	'--	'--	'--
WCDT-MCRPC	5a469af2-d358-46d3-af7a-d2ad5543588a	DTB-097	6e917d3f-23f3-47ae-b527-74a9c5884a26	DTB-097-PRO	'--	'--	74291367-bba7-5f93-b0e1-29468ce4f215	'--	'--	'--	'--
WCDT-MCRPC	5a469af2-d358-46d3-af7a-d2ad5543588a	DTB-097	6e917d3f-23f3-47ae-b527-74a9c5884a26	DTB-097-PRO	'--	'--	a5724442-ef25-5cc7-848c-c41815e1b716	'--	'--	'--	'--
WCDT-MCRPC	5a469af2-d358-46d3-af7a-d2ad5543588a	DTB-097	e738deca-8985-43e9-a4f8-ace9fe2a0220	DTB-097-N	'--	'--	d5b2f5b6-f1f8-5bd9-81e2-16f48f43fb68	'--	'--	'--	'--
WCDT-MCRPC	4734f3ca-940a-4213-9d77-13b1c5d7cfa2	DTB-104	1e14f7ca-a47d-442a-8d35-9ae77855ca34	DTB-104-BL	'--	'--	d7b19b37-72cb-512d-b14c-a303ae8bc314	'--	'--	'--	'--
WCDT-MCRPC	4734f3ca-940a-4213-9d77-13b1c5d7cfa2	DTB-104	1e14f7ca-a47d-442a-8d35-9ae77855ca34	DTB-104-BL	'--	'--	283bad3e-8f88-54c3-837d-9420cb675513	'--	'--	'--	'--
WCDT-MCRPC	4734f3ca-940a-4213-9d77-13b1c5d7cfa2	DTB-104	1e14f7ca-a47d-442a-8d35-9ae77855ca34	DTB-104-BL	'--	'--	b89e4e8e-1e16-5f35-ab42-b55a18443dff	'--	'--	'--	'--
WCDT-MCRPC	4734f3ca-940a-4213-9d77-13b1c5d7cfa2	DTB-104	2cd48b71-d627-4910-9ba0-6c0a6880aed1	DTB-104-N	'--	'--	9a156f3d-0b3b-595f-9bdd-ad9fea98320a	'--	'--	'--	'--
WCDT-MCRPC	4734f3ca-940a-4213-9d77-13b1c5d7cfa2	DTB-104	353f647f-091b-4ccf-b74d-1bef86994772	DTB-104-TUMOR_ADJACENT-N	'--	'--	fc75eebd-89fe-5209-bc7d-a4eadc7d4eff	'--	'--	'--	'--
WCDT-MCRPC	3ca95a67-f5ae-4973-9ba3-15017dc6ef9c	DTB-129	7eba602a-6612-43e7-bd68-80914654db8c	DTB-129-BL	'--	'--	e5c9bb82-5a4f-582b-afb2-ed6fb0057436	'--	'--	'--	'--
WCDT-MCRPC	3ca95a67-f5ae-4973-9ba3-15017dc6ef9c	DTB-129	7eba602a-6612-43e7-bd68-80914654db8c	DTB-129-BL	'--	'--	c8f9a239-800a-5450-8b9a-729f23a177b9	'--	'--	'--	'--
WCDT-MCRPC	3ca95a67-f5ae-4973-9ba3-15017dc6ef9c	DTB-129	7eba602a-6612-43e7-bd68-80914654db8c	DTB-129-BL	'--	'--	3e365e82-bae3-5407-a80a-6ebe659968b8	'--	'--	'--	'--
WCDT-MCRPC	3ca95a67-f5ae-4973-9ba3-15017dc6ef9c	DTB-129	e7589587-6d30-4063-8f48-49fd1bc3da53	DTB-129-N	'--	'--	be750185-cb7c-5e57-8b53-d0b3f8292b88	'--	'--	'--	'--
WCDT-MCRPC	49b07d95-52e4-473e-9c99-df472d1c866b	DTB-091	0df0258b-1af5-4e32-aa35-885fb9662310	DTB-091-N	'--	'--	270db8f9-1d52-5b82-8f22-c6232e8204ac	'--	'--	'--	'--
WCDT-MCRPC	49b07d95-52e4-473e-9c99-df472d1c866b	DTB-091	ee38c9cc-d142-4286-adf7-fef9249e9eb4	DTB-091-BL	'--	'--	4685c00c-94bd-5755-bf4c-2d06e5dd7ab7	'--	'--	'--	'--
WCDT-MCRPC	49b07d95-52e4-473e-9c99-df472d1c866b	DTB-091	ee38c9cc-d142-4286-adf7-fef9249e9eb4	DTB-091-BL	'--	'--	2e778efc-0753-5058-bd44-b8d3784e872e	'--	'--	'--	'--
WCDT-MCRPC	49b07d95-52e4-473e-9c99-df472d1c866b	DTB-091	ee38c9cc-d142-4286-adf7-fef9249e9eb4	DTB-091-BL	'--	'--	79e6f742-dcf0-517e-b038-73b16c665740	'--	'--	'--	'--
WCDT-MCRPC	ee642fbc-1614-4161-b9a8-3f5a7ff01733	DTB-083	27825299-5a41-45b2-9772-426d0eff6628	DTB-083-N	'--	'--	bee5daa1-ec52-5100-8de6-da0175a88f9b	'--	'--	'--	'--
WCDT-MCRPC	ee642fbc-1614-4161-b9a8-3f5a7ff01733	DTB-083	8d379102-70f9-4c40-a085-c6767583fdd9	DTB-083-BL	'--	'--	94dc6341-b157-574f-affc-f8278b1761f8	'--	'--	'--	'--
WCDT-MCRPC	ee642fbc-1614-4161-b9a8-3f5a7ff01733	DTB-083	8d379102-70f9-4c40-a085-c6767583fdd9	DTB-083-BL	'--	'--	97694af3-8be7-5363-b29f-88fa7c11569a	'--	'--	'--	'--
WCDT-MCRPC	ee642fbc-1614-4161-b9a8-3f5a7ff01733	DTB-083	8d379102-70f9-4c40-a085-c6767583fdd9	DTB-083-BL	'--	'--	ce2cb24f-8b5b-5045-b6a8-c0693c6019b9	'--	'--	'--	'--
WCDT-MCRPC	dc43fd29-0353-4d96-bf8a-d9dac4b970eb	DTB-021	13625e19-ddf9-4ecc-8a11-009e713362f6	DTB-021-BL	'--	'--	3c1aab2d-c350-54c8-90b1-c8c334fdab4a	'--	'--	'--	'--
WCDT-MCRPC	dc43fd29-0353-4d96-bf8a-d9dac4b970eb	DTB-021	13625e19-ddf9-4ecc-8a11-009e713362f6	DTB-021-BL	'--	'--	56fea8c3-1d20-577e-8f8b-73ba1e19c52f	'--	'--	'--	'--
WCDT-MCRPC	dc43fd29-0353-4d96-bf8a-d9dac4b970eb	DTB-021	13625e19-ddf9-4ecc-8a11-009e713362f6	DTB-021-BL	'--	'--	fef58703-da56-562f-8228-eca517e1c3f8	'--	'--	'--	'--
WCDT-MCRPC	dc43fd29-0353-4d96-bf8a-d9dac4b970eb	DTB-021	2d8fb7a3-e6bd-4f8f-89bf-e18fbbe0792c	DTB-021-TUMOR_ADJACENT-N	'--	'--	48c788f2-be53-5697-a0ab-2fff66b5d718	'--	'--	'--	'--
WCDT-MCRPC	dc43fd29-0353-4d96-bf8a-d9dac4b970eb	DTB-021	89628579-34ee-4bb4-a55a-c196a0ba26d2	DTB-021-N	'--	'--	e08d1a0c-09d9-5626-922a-ac5bc0bdf6bb	'--	'--	'--	'--
WCDT-MCRPC	1a6fa40d-2364-40c2-af44-5d8b3175376b	DTB-035	1a67b020-54bb-4838-bc9d-fe42ebcb9a69	DTB-035-N	'--	'--	902816b9-5703-5760-a4dc-083b50446c37	'--	'--	'--	'--
WCDT-MCRPC	1a6fa40d-2364-40c2-af44-5d8b3175376b	DTB-035	2b6a69fa-f3de-43aa-9d0d-31968154d3b0	DTB-035-BL	'--	'--	3472019d-b327-5541-8fbc-e25c88cba7b1	'--	'--	'--	'--
WCDT-MCRPC	1a6fa40d-2364-40c2-af44-5d8b3175376b	DTB-035	2b6a69fa-f3de-43aa-9d0d-31968154d3b0	DTB-035-BL	'--	'--	4fff3704-196a-55c2-8456-64bd5da1d814	'--	'--	'--	'--
WCDT-MCRPC	1a6fa40d-2364-40c2-af44-5d8b3175376b	DTB-035	2b6a69fa-f3de-43aa-9d0d-31968154d3b0	DTB-035-BL	'--	'--	34556318-24cf-5276-b98d-bae36b57298d	'--	'--	'--	'--
WCDT-MCRPC	1a6fa40d-2364-40c2-af44-5d8b3175376b	DTB-035	decba0f9-b8f2-40e7-8c9b-c32e3b6a8040	DTB-035-TUMOR_ADJACENT-N	'--	'--	9e332024-d1e2-513e-aaa6-9284c1835dee	'--	'--	'--	'--
WCDT-MCRPC	2cf46916-b800-47c3-9af2-6ba96b262cfd	DTB-137	06f8fd30-c81a-466c-a793-68c0e545af8a	DTB-137-PRO	'--	'--	f89dcc5a-c0f5-5383-8811-7368eafeea77	'--	'--	'--	'--
WCDT-MCRPC	2cf46916-b800-47c3-9af2-6ba96b262cfd	DTB-137	06f8fd30-c81a-466c-a793-68c0e545af8a	DTB-137-PRO	'--	'--	abb9b9c3-ce3f-59aa-b4ad-388fdeddc7ad	'--	'--	'--	'--
WCDT-MCRPC	2cf46916-b800-47c3-9af2-6ba96b262cfd	DTB-137	06f8fd30-c81a-466c-a793-68c0e545af8a	DTB-137-PRO	'--	'--	e7a43424-3590-5dac-9c31-162461726bc6	'--	'--	'--	'--
WCDT-MCRPC	2cf46916-b800-47c3-9af2-6ba96b262cfd	DTB-137	56a9dd51-2815-4835-9944-d40aca5af3a3	DTB-137-N	'--	'--	c0e38cc0-9d4e-5104-9a13-fffb3fb62aa1	'--	'--	'--	'--
WCDT-MCRPC	ada19c1f-04fd-4477-86f5-29942adbb707	DTB-009	e0716851-148b-4c70-b4f0-d470b3664246	DTB-009-BL	'--	'--	599e3441-f139-5450-a9db-1ce119319fe7	'--	'--	'--	'--
WCDT-MCRPC	ada19c1f-04fd-4477-86f5-29942adbb707	DTB-009	e0716851-148b-4c70-b4f0-d470b3664246	DTB-009-BL	'--	'--	990eb7dc-02e2-5ea5-8638-5b39013b1d8e	'--	'--	'--	'--
WCDT-MCRPC	ada19c1f-04fd-4477-86f5-29942adbb707	DTB-009	e0716851-148b-4c70-b4f0-d470b3664246	DTB-009-BL	'--	'--	6ea2256b-a58f-59f1-9466-bb4818e71d88	'--	'--	'--	'--
WCDT-MCRPC	ada19c1f-04fd-4477-86f5-29942adbb707	DTB-009	e24745cd-454e-4307-a956-5f5310b1a288	DTB-009-N	'--	'--	636938f1-9bde-523f-9782-635d8d11249e	'--	'--	'--	'--
WCDT-MCRPC	ef5559f3-e19e-49be-91bb-8889e4396989	DTB-165	a42363b7-3684-421e-8931-b5c0209d9cf2	DTB-165-PRO	'--	'--	19c874c6-47f0-5902-86bb-f89431b336a3	'--	'--	'--	'--
WCDT-MCRPC	ef5559f3-e19e-49be-91bb-8889e4396989	DTB-165	a42363b7-3684-421e-8931-b5c0209d9cf2	DTB-165-PRO	'--	'--	77ea7c27-3e52-5429-92c4-7db23c110f36	'--	'--	'--	'--
WCDT-MCRPC	ef5559f3-e19e-49be-91bb-8889e4396989	DTB-165	a42363b7-3684-421e-8931-b5c0209d9cf2	DTB-165-PRO	'--	'--	eb157c03-ab52-59b4-b265-f9360a541ccf	'--	'--	'--	'--
WCDT-MCRPC	ef5559f3-e19e-49be-91bb-8889e4396989	DTB-165	da83ba76-603a-4920-89b4-f619898acb22	DTB-165-N	'--	'--	6dcbd532-c5a3-57ed-80e4-a2b1981e1fa9	'--	'--	'--	'--
WCDT-MCRPC	25da4ced-c30a-49c1-8a70-7aa08b198cd3	DTB-098	32197cba-812c-4665-bcc6-fe88582b7a63	DTB-098-N	'--	'--	0ad00ee3-2a76-5775-ae58-9f47bd9773ba	'--	'--	'--	'--
WCDT-MCRPC	25da4ced-c30a-49c1-8a70-7aa08b198cd3	DTB-098	d6361106-a7ee-4685-b916-e76521793dbf	DTB-098-PRO2	'--	'--	9a2ba367-3d51-5ae2-b750-ddd8b3b3399d	'--	'--	'--	'--
WCDT-MCRPC	25da4ced-c30a-49c1-8a70-7aa08b198cd3	DTB-098	d6361106-a7ee-4685-b916-e76521793dbf	DTB-098-PRO2	'--	'--	41afa37c-05ef-5ffe-90c8-34a2e3cf82b9	'--	'--	'--	'--
WCDT-MCRPC	25da4ced-c30a-49c1-8a70-7aa08b198cd3	DTB-098	d6361106-a7ee-4685-b916-e76521793dbf	DTB-098-PRO2	'--	'--	8f9b8c1e-e99b-5168-85bc-36e97cfbc1c9	'--	'--	'--	'--
WCDT-MCRPC	0a4e3053-bcc5-4c1a-8697-bc4602edd713	DTB-193	56dbcf41-e27d-47ca-9c6f-93ddd27dde0d	DTB-193-BL	'--	'--	c13aac22-7bbe-5df3-88fa-b2f213063f54	'--	'--	'--	'--
WCDT-MCRPC	0a4e3053-bcc5-4c1a-8697-bc4602edd713	DTB-193	6eb7c1dd-11c7-4eac-adb4-0b91f4d52f65	DTB-193-N	'--	'--	2d89d677-1a90-5a98-8518-1300a3597e18	'--	'--	'--	'--
WCDT-MCRPC	b693a90f-3f28-41c1-a579-56bf3d67f925	DTB-213	4e025879-c8f9-4410-8fcc-9bd5aeda5244	DTB-213-BL	'--	'--	8c63960e-5f29-507a-87fd-8246db9532cf	'--	'--	'--	'--
WCDT-MCRPC	b693a90f-3f28-41c1-a579-56bf3d67f925	DTB-213	4e025879-c8f9-4410-8fcc-9bd5aeda5244	DTB-213-BL	'--	'--	c9471379-dab5-5745-becb-d1ca4a4f07c9	'--	'--	'--	'--
WCDT-MCRPC	b693a90f-3f28-41c1-a579-56bf3d67f925	DTB-213	4e025879-c8f9-4410-8fcc-9bd5aeda5244	DTB-213-BL	'--	'--	e4997e09-caaf-5367-9595-161b5bac4778	'--	'--	'--	'--
WCDT-MCRPC	b693a90f-3f28-41c1-a579-56bf3d67f925	DTB-213	edba2fc4-86e1-4cb8-aee3-13ad3c106310	DTB-213-N	'--	'--	d88cac4f-9614-5f90-8880-8e9755f3f634	'--	'--	'--	'--
WCDT-MCRPC	58690814-6230-4c61-8b43-173a0ffb15b0	DTB-159	4fe9ddde-cf25-4b0a-a6f6-de2cdf65a58b	DTB-159-BL	'--	'--	352c0c8e-7f3a-5b7e-a802-4bafbf814d94	'--	'--	'--	'--
WCDT-MCRPC	58690814-6230-4c61-8b43-173a0ffb15b0	DTB-159	4fe9ddde-cf25-4b0a-a6f6-de2cdf65a58b	DTB-159-BL	'--	'--	a263148f-fdd2-5290-9443-35a1ddc60e30	'--	'--	'--	'--
WCDT-MCRPC	58690814-6230-4c61-8b43-173a0ffb15b0	DTB-159	4fe9ddde-cf25-4b0a-a6f6-de2cdf65a58b	DTB-159-BL	'--	'--	0d707b42-ceb1-57e1-948d-c11e5e9d6b69	'--	'--	'--	'--
WCDT-MCRPC	58690814-6230-4c61-8b43-173a0ffb15b0	DTB-159	8f5bff63-fb62-42a7-8e63-f697f3141e56	DTB-159-N	'--	'--	817ff72a-9f1f-51dd-a66b-93a29add589c	'--	'--	'--	'--
WCDT-MCRPC	1f6c36c4-18f3-4817-86e5-ebd1df1de795	DTB-080	a41ee96a-2abb-4726-80cc-b6bae410197e	DTB-080-N	'--	'--	08e6ad17-072c-57bb-8d37-090e2e09622d	'--	'--	'--	'--
WCDT-MCRPC	1f6c36c4-18f3-4817-86e5-ebd1df1de795	DTB-080	b96fd9eb-e3b5-4e8c-a028-e46d8d390b43	DTB-080-BL	'--	'--	fd3e2a41-bf0f-5c1f-8742-c917f1a5b0f8	'--	'--	'--	'--
WCDT-MCRPC	1f6c36c4-18f3-4817-86e5-ebd1df1de795	DTB-080	b96fd9eb-e3b5-4e8c-a028-e46d8d390b43	DTB-080-BL	'--	'--	6b7db5d5-2e59-577b-bbbc-86340c8cf6e1	'--	'--	'--	'--
WCDT-MCRPC	1f6c36c4-18f3-4817-86e5-ebd1df1de795	DTB-080	b96fd9eb-e3b5-4e8c-a028-e46d8d390b43	DTB-080-BL	'--	'--	eff2c181-c923-534b-885d-7bdc7629d0e1	'--	'--	'--	'--
WCDT-MCRPC	75ca65d6-ea4e-44d1-a5b8-73a886d49e23	DTB-020	4179ff28-e4d6-4f35-bc9f-2b17ba5ded58	DTB-020-N	'--	'--	81ff43e6-7bb0-57f2-a1e3-aa648c18f5a7	'--	'--	'--	'--
WCDT-MCRPC	75ca65d6-ea4e-44d1-a5b8-73a886d49e23	DTB-020	f99287a8-656a-4d0a-92da-2dc488f6e5b2	DTB-020-BL	'--	'--	c6c3cc8b-d07c-566b-b29e-a464fd040552	'--	'--	'--	'--
WCDT-MCRPC	75ca65d6-ea4e-44d1-a5b8-73a886d49e23	DTB-020	f99287a8-656a-4d0a-92da-2dc488f6e5b2	DTB-020-BL	'--	'--	60b08a24-4cd4-5219-983d-f318a2ecdc9a	'--	'--	'--	'--
WCDT-MCRPC	75ca65d6-ea4e-44d1-a5b8-73a886d49e23	DTB-020	f99287a8-656a-4d0a-92da-2dc488f6e5b2	DTB-020-BL	'--	'--	6af356b0-7b33-5bc4-a601-449c69bd67ef	'--	'--	'--	'--
WCDT-MCRPC	d9346f44-d1a0-41e3-918a-1ba04558c5f4	DTB-053	44b8830e-eea3-44e9-8f0c-db58eb579394	DTB-053-BL	'--	'--	0fafcb88-53bb-5f7d-8dbc-838613485ec3	'--	'--	'--	'--
WCDT-MCRPC	d9346f44-d1a0-41e3-918a-1ba04558c5f4	DTB-053	44b8830e-eea3-44e9-8f0c-db58eb579394	DTB-053-BL	'--	'--	b169a22d-4bfe-5b5b-bbb2-fc09b56107b5	'--	'--	'--	'--
WCDT-MCRPC	d9346f44-d1a0-41e3-918a-1ba04558c5f4	DTB-053	44b8830e-eea3-44e9-8f0c-db58eb579394	DTB-053-BL	'--	'--	1003bad2-a7cc-5ae4-8571-bf2a7240eb3b	'--	'--	'--	'--
WCDT-MCRPC	d9346f44-d1a0-41e3-918a-1ba04558c5f4	DTB-053	56413f58-edef-43cb-a31b-74b747f3a8de	DTB-053-N	'--	'--	2c53a4b7-49b8-5967-8572-44526a4c5793	'--	'--	'--	'--
WCDT-MCRPC	985a8d29-8a4e-46ea-891b-0322f7f3e2d2	DTB-146	1e1753c4-0d61-4abd-bdd9-4e2807c99822	DTB-146-BL	'--	'--	7fe1f581-1193-5951-a632-c9b6636104b1	'--	'--	'--	'--
WCDT-MCRPC	985a8d29-8a4e-46ea-891b-0322f7f3e2d2	DTB-146	1e1753c4-0d61-4abd-bdd9-4e2807c99822	DTB-146-BL	'--	'--	fdcc17de-32f9-5d05-88d5-da94c507a2a5	'--	'--	'--	'--
WCDT-MCRPC	985a8d29-8a4e-46ea-891b-0322f7f3e2d2	DTB-146	1e1753c4-0d61-4abd-bdd9-4e2807c99822	DTB-146-BL	'--	'--	110ae635-b79b-5539-a831-1376c2836dc9	'--	'--	'--	'--
WCDT-MCRPC	985a8d29-8a4e-46ea-891b-0322f7f3e2d2	DTB-146	77464c0a-d268-495e-af31-d3deffaf7d49	DTB-146-N	'--	'--	97ba7d4f-62fb-5631-9da0-03cda829cbca	'--	'--	'--	'--
WCDT-MCRPC	859626a7-5de5-42c8-af8c-c528a3184c87	DTB-255	18b4a3cb-d7d1-4db9-965c-8600dd271ac1	DTB-255-BL	'--	'--	99476116-6e41-57b7-b24c-b8e54332e942	'--	'--	'--	'--
WCDT-MCRPC	859626a7-5de5-42c8-af8c-c528a3184c87	DTB-255	18b4a3cb-d7d1-4db9-965c-8600dd271ac1	DTB-255-BL	'--	'--	32f74efd-2d69-5800-adf4-0b2a612a4c01	'--	'--	'--	'--
WCDT-MCRPC	859626a7-5de5-42c8-af8c-c528a3184c87	DTB-255	18b4a3cb-d7d1-4db9-965c-8600dd271ac1	DTB-255-BL	'--	'--	97264eb6-02e9-5214-af27-ade4ff3ab5a6	'--	'--	'--	'--
WCDT-MCRPC	859626a7-5de5-42c8-af8c-c528a3184c87	DTB-255	f5855ef5-97a8-4afd-919d-89bdfaa89127	DTB-255-N	'--	'--	a2167369-d767-57a9-ad5a-fdec81428284	'--	'--	'--	'--
WCDT-MCRPC	7f2fdb00-9baa-4678-abb2-f650ee6e2658	DTB-186	21d5717c-ba30-4861-823c-53c554046475	DTB-186-BL	'--	'--	db1ab801-c509-5be0-9bd6-a6457f1daa0f	'--	'--	'--	'--
WCDT-MCRPC	7f2fdb00-9baa-4678-abb2-f650ee6e2658	DTB-186	21d5717c-ba30-4861-823c-53c554046475	DTB-186-BL	'--	'--	8e6db9c2-3b47-56e6-8329-74ec080e8d88	'--	'--	'--	'--
WCDT-MCRPC	7f2fdb00-9baa-4678-abb2-f650ee6e2658	DTB-186	21d5717c-ba30-4861-823c-53c554046475	DTB-186-BL	'--	'--	0f36fcc4-17d7-51c8-bf50-1d9d3a0e7105	'--	'--	'--	'--
WCDT-MCRPC	7f2fdb00-9baa-4678-abb2-f650ee6e2658	DTB-186	f237916e-0d66-427a-bfc2-8d5cf997c802	DTB-186-N	'--	'--	c68cc34d-198e-5174-8e34-74de3c39375e	'--	'--	'--	'--
WCDT-MCRPC	e31be707-0e1c-42d0-86c3-7da095b0180e	DTB-183	c25ea863-2ebc-44e5-8016-7214a894bc4e	DTB-183-N	'--	'--	32b7d327-560f-52a1-8d7f-a657cd69495d	'--	'--	'--	'--
WCDT-MCRPC	e31be707-0e1c-42d0-86c3-7da095b0180e	DTB-183	c4e25cd2-e110-4945-90e2-5beeda0e2438	DTB-183-BL	'--	'--	deeff9c4-1dd2-5d5f-bc15-5f4ed98b629e	'--	'--	'--	'--
WCDT-MCRPC	e31be707-0e1c-42d0-86c3-7da095b0180e	DTB-183	c4e25cd2-e110-4945-90e2-5beeda0e2438	DTB-183-BL	'--	'--	f7748115-9693-5d33-883d-a994e0185415	'--	'--	'--	'--
WCDT-MCRPC	e31be707-0e1c-42d0-86c3-7da095b0180e	DTB-183	c4e25cd2-e110-4945-90e2-5beeda0e2438	DTB-183-BL	'--	'--	ff470a36-a9ce-50dc-82ef-a161da00b969	'--	'--	'--	'--
WCDT-MCRPC	31f7bb63-3b51-4a88-a63d-905ab717cd07	DTB-022	1fbe0bc7-c63e-45e7-8e69-0fc16bed4156	DTB-022-N	'--	'--	97bcd806-97bf-57b0-84cd-61dd6d5aadae	'--	'--	'--	'--
WCDT-MCRPC	31f7bb63-3b51-4a88-a63d-905ab717cd07	DTB-022	f699e633-171e-4a35-8e2b-5a8a267ab4e4	DTB-022-BL	'--	'--	fdbc5dbf-0632-5c08-8364-7b643b3f8ed6	'--	'--	'--	'--
WCDT-MCRPC	31f7bb63-3b51-4a88-a63d-905ab717cd07	DTB-022	f699e633-171e-4a35-8e2b-5a8a267ab4e4	DTB-022-BL	'--	'--	a3cadb83-87e8-53ac-acd2-2c82d0229b5b	'--	'--	'--	'--
WCDT-MCRPC	31f7bb63-3b51-4a88-a63d-905ab717cd07	DTB-022	f699e633-171e-4a35-8e2b-5a8a267ab4e4	DTB-022-BL	'--	'--	314f9c64-1fbc-5358-9021-71db4f48165f	'--	'--	'--	'--
WCDT-MCRPC	a3f2679c-5996-45d8-85df-509cc248902e	DTB-101	166da9f8-70e0-46f6-a113-c4a37aceeb46	DTB-101-N	'--	'--	3caf4a4a-6644-54e5-9bf6-f2ddc79413c9	'--	'--	'--	'--
WCDT-MCRPC	a3f2679c-5996-45d8-85df-509cc248902e	DTB-101	a41eaba4-20c4-4d62-b1af-41437a7c3c44	DTB-101-BL	'--	'--	cd4c189a-dc6b-550b-b0a3-77d07e43db74	'--	'--	'--	'--
WCDT-MCRPC	a3f2679c-5996-45d8-85df-509cc248902e	DTB-101	a41eaba4-20c4-4d62-b1af-41437a7c3c44	DTB-101-BL	'--	'--	7e79c773-19b7-50be-bdb6-6fb2366c2306	'--	'--	'--	'--
WCDT-MCRPC	a3f2679c-5996-45d8-85df-509cc248902e	DTB-101	a41eaba4-20c4-4d62-b1af-41437a7c3c44	DTB-101-BL	'--	'--	389942af-40e1-5559-9bc3-4748d1af09d9	'--	'--	'--	'--
WCDT-MCRPC	e403e54d-1a6e-49b0-aefc-41208a9f7b26	DTB-003	0441becd-e2e4-488d-9a09-747ec4fd8af2	DTB-003-BL	'--	'--	1e6fb721-19ef-5eb9-9ac8-99335b5c1780	'--	'--	'--	'--
WCDT-MCRPC	e403e54d-1a6e-49b0-aefc-41208a9f7b26	DTB-003	0441becd-e2e4-488d-9a09-747ec4fd8af2	DTB-003-BL	'--	'--	ecddcbd0-647e-5060-8d6e-ec7f507491de	'--	'--	'--	'--
WCDT-MCRPC	e403e54d-1a6e-49b0-aefc-41208a9f7b26	DTB-003	0441becd-e2e4-488d-9a09-747ec4fd8af2	DTB-003-BL	'--	'--	578945ae-51be-55fb-8404-a419c15fd610	'--	'--	'--	'--
WCDT-MCRPC	e403e54d-1a6e-49b0-aefc-41208a9f7b26	DTB-003	25149d62-693c-4a27-a12d-d1dc7fb398b7	DTB-003-N	'--	'--	93a2cb56-7974-501b-a3c3-2e8f17804c1d	'--	'--	'--	'--
WCDT-MCRPC	e403e54d-1a6e-49b0-aefc-41208a9f7b26	DTB-003	ef67b08a-05d3-4b95-aa07-07105d88eb8a	DTB-003-TUMOR_ADJACENT-N	'--	'--	7454ab19-fe65-5d02-9bd3-01cd7119090c	'--	'--	'--	'--
WCDT-MCRPC	7054d6cb-2935-463c-887e-7131e1b952d3	DTB-119	026afe34-7d8a-4abe-adc6-d52eb7d04267	DTB-119-PRO	'--	'--	e510b18c-2652-567f-a093-8a1e9045344b	'--	'--	'--	'--
WCDT-MCRPC	7054d6cb-2935-463c-887e-7131e1b952d3	DTB-119	026afe34-7d8a-4abe-adc6-d52eb7d04267	DTB-119-PRO	'--	'--	298f2de9-de43-5792-b5c1-e94e10915fee	'--	'--	'--	'--
WCDT-MCRPC	7054d6cb-2935-463c-887e-7131e1b952d3	DTB-119	026afe34-7d8a-4abe-adc6-d52eb7d04267	DTB-119-PRO	'--	'--	996fb471-259f-54c5-a744-608b03667052	'--	'--	'--	'--
WCDT-MCRPC	7054d6cb-2935-463c-887e-7131e1b952d3	DTB-119	8e60e932-7c23-4095-a24c-a5cd5b5d3f95	DTB-119-N	'--	'--	2e5b63d3-0db1-52de-860f-71155a93628b	'--	'--	'--	'--
WCDT-MCRPC	ddfd8698-535d-4428-b3f6-0811360c84fa	DTB-040	d708600e-abac-4319-8194-a2e71814611b	DTB-040-BL	'--	'--	860a6e22-1c84-5ff3-a73f-11d3c18feb9f	'--	'--	'--	'--
WCDT-MCRPC	ddfd8698-535d-4428-b3f6-0811360c84fa	DTB-040	d708600e-abac-4319-8194-a2e71814611b	DTB-040-BL	'--	'--	882d6be3-f322-5902-b382-f1811486e123	'--	'--	'--	'--
WCDT-MCRPC	ddfd8698-535d-4428-b3f6-0811360c84fa	DTB-040	d708600e-abac-4319-8194-a2e71814611b	DTB-040-BL	'--	'--	01e2b96d-c723-553a-a9c5-aabeaedde2f5	'--	'--	'--	'--
WCDT-MCRPC	ddfd8698-535d-4428-b3f6-0811360c84fa	DTB-040	e4c77fb8-8faf-4a26-b0e9-b048aec2c7ad	DTB-040-N	'--	'--	663cf115-440e-5519-9d70-0cf54745c45a	'--	'--	'--	'--
WCDT-MCRPC	d626d163-129d-41ab-8b52-dd5dfaaa29c4	DTB-008	5d78ff97-42eb-4618-b234-95208b2131ec	DTB-008-BL	'--	'--	3a484020-4a83-55a4-b403-69cef5bb8948	'--	'--	'--	'--
WCDT-MCRPC	d626d163-129d-41ab-8b52-dd5dfaaa29c4	DTB-008	5d78ff97-42eb-4618-b234-95208b2131ec	DTB-008-BL	'--	'--	80ca9e87-59a1-55d4-b143-57bffc368c0b	'--	'--	'--	'--
WCDT-MCRPC	d626d163-129d-41ab-8b52-dd5dfaaa29c4	DTB-008	5d78ff97-42eb-4618-b234-95208b2131ec	DTB-008-BL	'--	'--	ec51e750-c74f-50b9-909b-e7020afa6b95	'--	'--	'--	'--
WCDT-MCRPC	d626d163-129d-41ab-8b52-dd5dfaaa29c4	DTB-008	832b761d-62a5-4910-9390-cf5232657b89	DTB-008-N	'--	'--	d3454401-83da-59a1-b7a1-154e2bc98639	'--	'--	'--	'--
WCDT-MCRPC	fef2abb3-65ef-47ac-abd2-ea65ec2a4bb0	DTB-156	4e900b5b-4c8c-422a-81d6-37969d647699	DTB-156-BL	'--	'--	638c75d2-5412-559b-a7aa-dc15eeca9cd0	'--	'--	'--	'--
WCDT-MCRPC	fef2abb3-65ef-47ac-abd2-ea65ec2a4bb0	DTB-156	4e900b5b-4c8c-422a-81d6-37969d647699	DTB-156-BL	'--	'--	0a3466d0-a215-5d00-bb1e-9b543e0eb850	'--	'--	'--	'--
WCDT-MCRPC	fef2abb3-65ef-47ac-abd2-ea65ec2a4bb0	DTB-156	4e900b5b-4c8c-422a-81d6-37969d647699	DTB-156-BL	'--	'--	60621d4f-4023-5527-ab54-a9d382e6a5e7	'--	'--	'--	'--
WCDT-MCRPC	fef2abb3-65ef-47ac-abd2-ea65ec2a4bb0	DTB-156	ccc7d7ee-eba4-4e29-a3a9-3aacea4d3d59	DTB-156-N	'--	'--	dc6878c5-9c96-5508-a325-064b77f043e5	'--	'--	'--	'--
WCDT-MCRPC	08a777b6-4bc4-4cab-80e2-40c16197b725	DTB-074	6e32ee2e-4c5b-47b1-bc2e-2149d631ce41	DTB-074-TUMOR_ADJACENT-N	'--	'--	17e491ef-b311-5921-9eb6-d02f5828ca94	'--	'--	'--	'--
WCDT-MCRPC	08a777b6-4bc4-4cab-80e2-40c16197b725	DTB-074	ce382de1-86ab-4910-a172-64d5f48ddc83	DTB-074-BL	'--	'--	3c995ce5-f0de-5bbd-915b-a2f7dd6ebc43	'--	'--	'--	'--
WCDT-MCRPC	08a777b6-4bc4-4cab-80e2-40c16197b725	DTB-074	ce382de1-86ab-4910-a172-64d5f48ddc83	DTB-074-BL	'--	'--	d27692b3-7efd-5771-8423-ac0f6464ccb2	'--	'--	'--	'--
WCDT-MCRPC	08a777b6-4bc4-4cab-80e2-40c16197b725	DTB-074	ce382de1-86ab-4910-a172-64d5f48ddc83	DTB-074-BL	'--	'--	af3f4930-6a71-5c43-ae5e-0154557d7a97	'--	'--	'--	'--
WCDT-MCRPC	08a777b6-4bc4-4cab-80e2-40c16197b725	DTB-074	f6b47e31-a395-4977-8f5e-1b10ccd3c7ad	DTB-074-N	'--	'--	76ed9d74-a961-5cbb-9510-4e8dac2fae3a	'--	'--	'--	'--
WCDT-MCRPC	11582741-b121-42a9-9f38-1bfa02eddc05	DTB-024	45a5dd1b-6930-49b1-8694-8342184e97c1	DTB-024-PRO	'--	'--	50e67dd2-0cf2-5789-bc96-0785d7bf0cca	'--	'--	'--	'--
WCDT-MCRPC	11582741-b121-42a9-9f38-1bfa02eddc05	DTB-024	45a5dd1b-6930-49b1-8694-8342184e97c1	DTB-024-PRO	'--	'--	113a90bb-71f9-507d-b956-73368cfd87e9	'--	'--	'--	'--
WCDT-MCRPC	11582741-b121-42a9-9f38-1bfa02eddc05	DTB-024	45a5dd1b-6930-49b1-8694-8342184e97c1	DTB-024-PRO	'--	'--	14f254a4-4854-5927-b8d3-9ef6bc45d610	'--	'--	'--	'--
WCDT-MCRPC	11582741-b121-42a9-9f38-1bfa02eddc05	DTB-024	c60cfa39-0886-48fa-a54a-2c77aafd82d2	DTB-024-N	'--	'--	037ab747-4169-5cbb-8371-ab09242f86d8	'--	'--	'--	'--
WCDT-MCRPC	d1a79520-b477-4b0e-bf01-bb689b2be72c	DTB-005	13853f19-820a-447e-be14-e2dd345095f0	DTB-005-N	'--	'--	77c70325-6327-5dc2-8d35-ba00e3ef120d	'--	'--	'--	'--
WCDT-MCRPC	d1a79520-b477-4b0e-bf01-bb689b2be72c	DTB-005	5f150678-e02c-46e7-8ee4-c125c9d266e4	DTB-005-BL	'--	'--	5f904d08-70c7-5cdb-82fd-2aa787ace60a	'--	'--	'--	'--
WCDT-MCRPC	d1a79520-b477-4b0e-bf01-bb689b2be72c	DTB-005	5f150678-e02c-46e7-8ee4-c125c9d266e4	DTB-005-BL	'--	'--	14e5ceeb-0794-59f1-a5d0-04af364f10be	'--	'--	'--	'--
WCDT-MCRPC	d1a79520-b477-4b0e-bf01-bb689b2be72c	DTB-005	5f150678-e02c-46e7-8ee4-c125c9d266e4	DTB-005-BL	'--	'--	b87c24da-e965-5e11-ac7f-469a9428906c	'--	'--	'--	'--
WCDT-MCRPC	5be22e42-2f8c-4748-8d38-c50bf235802c	DTB-085	58c9080f-91a1-43e7-861b-43e6e9dc00c0	DTB-085-BL	'--	'--	4885ef57-010c-5b48-ab84-6309efb34cea	'--	'--	'--	'--
WCDT-MCRPC	5be22e42-2f8c-4748-8d38-c50bf235802c	DTB-085	58c9080f-91a1-43e7-861b-43e6e9dc00c0	DTB-085-BL	'--	'--	045d6fdb-ba5e-5732-9f19-5d24a565c6a6	'--	'--	'--	'--
WCDT-MCRPC	5be22e42-2f8c-4748-8d38-c50bf235802c	DTB-085	58c9080f-91a1-43e7-861b-43e6e9dc00c0	DTB-085-BL	'--	'--	ef114380-36f7-5504-b482-2c02b59b0b62	'--	'--	'--	'--
WCDT-MCRPC	5be22e42-2f8c-4748-8d38-c50bf235802c	DTB-085	cc5ce41c-8344-44bc-b902-df976126e220	DTB-085-N	'--	'--	11357e41-87b4-5c1c-ab3b-ab1364deaad7	'--	'--	'--	'--
WCDT-MCRPC	ef65867e-4f44-4752-b0ed-92b4c13d8183	DTB-042	00020a53-a03e-4806-8cf6-a6358d8fd02f	DTB-042-N	'--	'--	f3707710-2388-5214-b2a9-82d116730b54	'--	'--	'--	'--
WCDT-MCRPC	ef65867e-4f44-4752-b0ed-92b4c13d8183	DTB-042	60d41041-c653-45ef-b79b-963c4835efc3	DTB-042-BL	'--	'--	95f82221-49fb-5d97-87a7-92d7e5d153e0	'--	'--	'--	'--
WCDT-MCRPC	ef65867e-4f44-4752-b0ed-92b4c13d8183	DTB-042	60d41041-c653-45ef-b79b-963c4835efc3	DTB-042-BL	'--	'--	26dca8a9-77ac-54c6-abac-b62d3dd6f1c4	'--	'--	'--	'--
WCDT-MCRPC	ef65867e-4f44-4752-b0ed-92b4c13d8183	DTB-042	60d41041-c653-45ef-b79b-963c4835efc3	DTB-042-BL	'--	'--	1e2b0d82-abf0-5aa5-83a5-084a284004aa	'--	'--	'--	'--
WCDT-MCRPC	a7356a85-9a02-4119-9cd2-bf148a8dc406	DTB-201	1db531ab-ab43-42fa-9048-e6b65447a648	DTB-201-N	'--	'--	f5c17a52-f55b-5c56-bfe9-5be172ad91e8	'--	'--	'--	'--
WCDT-MCRPC	a7356a85-9a02-4119-9cd2-bf148a8dc406	DTB-201	336c6fcb-9614-4909-95fc-dd8ac0d7891f	DTB-201-PRO	'--	'--	431c55ab-e0a7-5e3c-916d-1f560d7e95a1	'--	'--	'--	'--
WCDT-MCRPC	a7356a85-9a02-4119-9cd2-bf148a8dc406	DTB-201	336c6fcb-9614-4909-95fc-dd8ac0d7891f	DTB-201-PRO	'--	'--	82560c00-b8d0-5ee8-bf09-6b1b62299ced	'--	'--	'--	'--
WCDT-MCRPC	a7356a85-9a02-4119-9cd2-bf148a8dc406	DTB-201	336c6fcb-9614-4909-95fc-dd8ac0d7891f	DTB-201-PRO	'--	'--	d22a14ed-234b-573c-b1a4-a166cd310c95	'--	'--	'--	'--
WCDT-MCRPC	9783ce4a-fdba-49a2-9302-88b47123d567	DTB-127	b624711b-9d4c-49f6-9ead-bdeab046be17	DTB-127-PRO	'--	'--	8ce34916-c509-5ba6-8179-8dd47237eb4a	'--	'--	'--	'--
WCDT-MCRPC	9783ce4a-fdba-49a2-9302-88b47123d567	DTB-127	b624711b-9d4c-49f6-9ead-bdeab046be17	DTB-127-PRO	'--	'--	7b13890a-218e-560e-b3ab-73155f96aa7d	'--	'--	'--	'--
WCDT-MCRPC	9783ce4a-fdba-49a2-9302-88b47123d567	DTB-127	b624711b-9d4c-49f6-9ead-bdeab046be17	DTB-127-PRO	'--	'--	376eba54-b8a4-541b-bebd-b881ad389156	'--	'--	'--	'--
WCDT-MCRPC	9783ce4a-fdba-49a2-9302-88b47123d567	DTB-127	da87e3a7-e98f-4b08-b62e-6972e4239b03	DTB-127-N	'--	'--	08d7fef6-43ef-5deb-90a5-13ffb5856542	'--	'--	'--	'--
WCDT-MCRPC	c171191d-aabe-47e9-a1cb-0be57eb978b8	DTB-111	13d432e8-ad7d-4e22-8383-6967f3855dc6	DTB-111-PRO	'--	'--	10ad96d3-ebde-5e3d-b939-608a2f259a09	'--	'--	'--	'--
WCDT-MCRPC	c171191d-aabe-47e9-a1cb-0be57eb978b8	DTB-111	13d432e8-ad7d-4e22-8383-6967f3855dc6	DTB-111-PRO	'--	'--	9da9820b-c1d2-55ae-91cd-795fdc0ed34c	'--	'--	'--	'--
WCDT-MCRPC	c171191d-aabe-47e9-a1cb-0be57eb978b8	DTB-111	13d432e8-ad7d-4e22-8383-6967f3855dc6	DTB-111-PRO	'--	'--	477070f6-5177-558c-ba0c-f5472cdc2dff	'--	'--	'--	'--
WCDT-MCRPC	c171191d-aabe-47e9-a1cb-0be57eb978b8	DTB-111	faab2784-0bed-4e14-b3e9-5a096909a74b	DTB-111-N	'--	'--	c58ba1b6-d775-517d-8bf1-01d35c0598d5	'--	'--	'--	'--
WCDT-MCRPC	0ef83566-db14-4975-9a5f-20bc3c8adddc	DTB-175	3dac4c19-5257-42fd-a895-a33bd9cad368	DTB-175-BL	'--	'--	f97324c7-8d02-595e-84b5-5569ed94317e	'--	'--	'--	'--
WCDT-MCRPC	0ef83566-db14-4975-9a5f-20bc3c8adddc	DTB-175	3dac4c19-5257-42fd-a895-a33bd9cad368	DTB-175-BL	'--	'--	ff98ef96-456c-559f-97a5-1423b00c6ebf	'--	'--	'--	'--
WCDT-MCRPC	0ef83566-db14-4975-9a5f-20bc3c8adddc	DTB-175	3dac4c19-5257-42fd-a895-a33bd9cad368	DTB-175-BL	'--	'--	3b133bf3-5029-5c9b-b929-2def181087f8	'--	'--	'--	'--
WCDT-MCRPC	0ef83566-db14-4975-9a5f-20bc3c8adddc	DTB-175	a1d6a436-6fee-4e69-b807-3ba8f71a7e05	DTB-175-N	'--	'--	e87b683a-dfb2-5058-aa4c-be60a901d628	'--	'--	'--	'--
WCDT-MCRPC	c07110ea-1b50-433d-a246-9d478439b39b	DTB-011	93e87594-ad2a-4cbe-9262-930c28848b16	DTB-011-N	'--	'--	69423730-a708-5fc2-b6bb-f9c6a828aeb2	'--	'--	'--	'--
WCDT-MCRPC	c07110ea-1b50-433d-a246-9d478439b39b	DTB-011	e67eb638-021e-4b97-932e-6cd6453ab258	DTB-011-BL	'--	'--	6d25f8c6-a2c3-5a67-ad20-37048e4eac3a	'--	'--	'--	'--
WCDT-MCRPC	c07110ea-1b50-433d-a246-9d478439b39b	DTB-011	e67eb638-021e-4b97-932e-6cd6453ab258	DTB-011-BL	'--	'--	228a5212-20ee-589c-add4-e5a813e6d4c3	'--	'--	'--	'--
WCDT-MCRPC	c07110ea-1b50-433d-a246-9d478439b39b	DTB-011	e67eb638-021e-4b97-932e-6cd6453ab258	DTB-011-BL	'--	'--	0edeb4b6-fc4e-5924-90b1-a9e74c1b49ba	'--	'--	'--	'--
WCDT-MCRPC	b4041c59-ba5a-44e0-9230-5dff1b794297	DTB-190	1ce2e895-50bd-4088-bbf6-0aec2217bb48	DTB-190-BL	'--	'--	25e0daa2-ce45-5b90-a9e2-e62f8a8ecace	'--	'--	'--	'--
WCDT-MCRPC	b4041c59-ba5a-44e0-9230-5dff1b794297	DTB-190	1ce2e895-50bd-4088-bbf6-0aec2217bb48	DTB-190-BL	'--	'--	0da8c0f9-e3a0-5e74-9855-b9b021459975	'--	'--	'--	'--
WCDT-MCRPC	b4041c59-ba5a-44e0-9230-5dff1b794297	DTB-190	1ce2e895-50bd-4088-bbf6-0aec2217bb48	DTB-190-BL	'--	'--	18223314-9526-57f4-b1e1-282c960c8057	'--	'--	'--	'--
WCDT-MCRPC	b4041c59-ba5a-44e0-9230-5dff1b794297	DTB-190	d6abc2b4-3763-4013-98c7-ac74a572cc21	DTB-190-N	'--	'--	c46bd307-a52b-5de8-b3d9-3cf9651e3e3a	'--	'--	'--	'--
WCDT-MCRPC	ea105017-0ea3-4a1e-8cd7-e314155fafac	DTB-216	57816c48-ade5-46b8-bc76-0afd937bfe9e	DTB-216-PRO	'--	'--	b5bdc7ca-26c0-5761-ae89-3e3fae9bf5b2	'--	'--	'--	'--
WCDT-MCRPC	ea105017-0ea3-4a1e-8cd7-e314155fafac	DTB-216	57816c48-ade5-46b8-bc76-0afd937bfe9e	DTB-216-PRO	'--	'--	fb8664c0-34ea-5857-8883-0565122332f7	'--	'--	'--	'--
WCDT-MCRPC	ea105017-0ea3-4a1e-8cd7-e314155fafac	DTB-216	57816c48-ade5-46b8-bc76-0afd937bfe9e	DTB-216-PRO	'--	'--	077731ee-1c2b-5974-a0e0-134c3c73e0d5	'--	'--	'--	'--
WCDT-MCRPC	ea105017-0ea3-4a1e-8cd7-e314155fafac	DTB-216	a8e78999-c0bc-403e-b480-15baee63fd1c	DTB-216-N	'--	'--	f84c590e-d28f-5aa1-859b-423d0e87e8de	'--	'--	'--	'--
WCDT-MCRPC	18384426-999b-446d-b210-53fd4ecac797	DTB-251	14131927-0338-4c75-817e-c33cf0d7bb07	DTB-251-BL	'--	'--	20126c26-8800-5b03-9c88-55eb0bbf528e	'--	'--	'--	'--
WCDT-MCRPC	18384426-999b-446d-b210-53fd4ecac797	DTB-251	14131927-0338-4c75-817e-c33cf0d7bb07	DTB-251-BL	'--	'--	84dd316e-aa9b-5a09-87d1-7305175e26bb	'--	'--	'--	'--
WCDT-MCRPC	18384426-999b-446d-b210-53fd4ecac797	DTB-251	14131927-0338-4c75-817e-c33cf0d7bb07	DTB-251-BL	'--	'--	f96ab1ce-b81c-5e19-bcd9-8e1995de4761	'--	'--	'--	'--
WCDT-MCRPC	18384426-999b-446d-b210-53fd4ecac797	DTB-251	2b80b99a-08fd-4692-8aa4-13ac9859a205	DTB-251-N	'--	'--	b13e32ae-abbd-500c-910a-277d4532614c	'--	'--	'--	'--
WCDT-MCRPC	78a01010-6f01-4356-8373-e7f28624b9bc	DTB-222	47e0eb28-5d21-4f25-9563-1baaebc7a058	DTB-222-BL	'--	'--	002fdc74-4f29-50ea-9d91-9c0119489d19	'--	'--	'--	'--
WCDT-MCRPC	78a01010-6f01-4356-8373-e7f28624b9bc	DTB-222	47e0eb28-5d21-4f25-9563-1baaebc7a058	DTB-222-BL	'--	'--	40956607-5e65-529d-ac46-60f7794da268	'--	'--	'--	'--
WCDT-MCRPC	78a01010-6f01-4356-8373-e7f28624b9bc	DTB-222	47e0eb28-5d21-4f25-9563-1baaebc7a058	DTB-222-BL	'--	'--	aee90db4-a8c5-59c2-8019-8115628f9c2b	'--	'--	'--	'--
WCDT-MCRPC	78a01010-6f01-4356-8373-e7f28624b9bc	DTB-222	c29b87f7-a89a-4402-bb6c-d97743c30fed	DTB-222-N	'--	'--	79f7571f-4c17-5e46-9c73-897d6b8f544d	'--	'--	'--	'--
WCDT-MCRPC	bb3576e5-2c95-42fd-9e06-d5b1b5f9ffca	DTB-132	06b85599-e562-40b9-80a4-f29a04878354	DTB-132-N	'--	'--	6fd05154-22c2-54e7-b867-0eb5e693c526	'--	'--	'--	'--
WCDT-MCRPC	bb3576e5-2c95-42fd-9e06-d5b1b5f9ffca	DTB-132	eaa765e3-e4b4-47db-b4e3-2dbc22db347d	DTB-132-BL	'--	'--	380a7016-8f9a-5b64-b688-1f759fbefaa8	'--	'--	'--	'--
WCDT-MCRPC	bb3576e5-2c95-42fd-9e06-d5b1b5f9ffca	DTB-132	eaa765e3-e4b4-47db-b4e3-2dbc22db347d	DTB-132-BL	'--	'--	1ea7eca0-f824-5ba6-a0d8-207246ac8789	'--	'--	'--	'--
WCDT-MCRPC	bb3576e5-2c95-42fd-9e06-d5b1b5f9ffca	DTB-132	eaa765e3-e4b4-47db-b4e3-2dbc22db347d	DTB-132-BL	'--	'--	959c6b85-2cf4-5526-a4d5-868750221a92	'--	'--	'--	'--
WCDT-MCRPC	d1573b90-6a1a-4ab2-a413-ba04b129798b	DTB-167	923a10d3-9ccd-48bd-a450-d17b5faa58da	DTB-167-N	'--	'--	7860a799-e390-5fec-b8d1-4b1a67c6de1e	'--	'--	'--	'--
WCDT-MCRPC	d1573b90-6a1a-4ab2-a413-ba04b129798b	DTB-167	e49f7afd-2ee5-4b2f-a756-9412cf755e5f	DTB-167-PRO	'--	'--	1b898861-76c7-55a3-a384-3ecbd2a84d5a	'--	'--	'--	'--
WCDT-MCRPC	d1573b90-6a1a-4ab2-a413-ba04b129798b	DTB-167	e49f7afd-2ee5-4b2f-a756-9412cf755e5f	DTB-167-PRO	'--	'--	5400cdfd-781f-57e1-81dd-55742fff8131	'--	'--	'--	'--
WCDT-MCRPC	d1573b90-6a1a-4ab2-a413-ba04b129798b	DTB-167	e49f7afd-2ee5-4b2f-a756-9412cf755e5f	DTB-167-PRO	'--	'--	6e97f0d7-21d2-5a7f-8ef8-0328117360d8	'--	'--	'--	'--
WCDT-MCRPC	758da7de-99eb-4cfc-83ed-9a87ce371a8f	DTB-173	5188b4c5-5448-44f3-9ddb-5c7cbe6fdbaf	DTB-173-BL	'--	'--	4d4f1919-ea7c-5837-b849-3f170510d600	'--	'--	'--	'--
WCDT-MCRPC	758da7de-99eb-4cfc-83ed-9a87ce371a8f	DTB-173	5188b4c5-5448-44f3-9ddb-5c7cbe6fdbaf	DTB-173-BL	'--	'--	1cb2cb53-1cef-5237-9c72-d01fde5b6d0d	'--	'--	'--	'--
WCDT-MCRPC	758da7de-99eb-4cfc-83ed-9a87ce371a8f	DTB-173	5188b4c5-5448-44f3-9ddb-5c7cbe6fdbaf	DTB-173-BL	'--	'--	202dfb0b-f9f2-5c2a-9a23-73529d02e554	'--	'--	'--	'--
WCDT-MCRPC	758da7de-99eb-4cfc-83ed-9a87ce371a8f	DTB-173	f070afd0-6f8f-43d8-b38e-a7dec2e83bae	DTB-173-N	'--	'--	d5b4905d-df95-5df1-a887-70f055b523ea	'--	'--	'--	'--
WCDT-MCRPC	f16f3a35-0a3e-4321-898a-bf56360efa4c	DTB-102	23927cfe-13a8-42c4-bd81-c5c82b362636	DTB-102-N	'--	'--	0c62ad91-2eff-5715-b8c8-8ade6540e694	'--	'--	'--	'--
WCDT-MCRPC	f16f3a35-0a3e-4321-898a-bf56360efa4c	DTB-102	b1397367-df75-49cb-bfc2-a12bdfd95140	DTB-102-PRO	'--	'--	9ab54367-c39e-57ac-88d1-e76c0d9b958a	'--	'--	'--	'--
WCDT-MCRPC	f16f3a35-0a3e-4321-898a-bf56360efa4c	DTB-102	b1397367-df75-49cb-bfc2-a12bdfd95140	DTB-102-PRO	'--	'--	cdf77daa-43c5-50b8-b332-33f2828998fe	'--	'--	'--	'--
WCDT-MCRPC	f16f3a35-0a3e-4321-898a-bf56360efa4c	DTB-102	b1397367-df75-49cb-bfc2-a12bdfd95140	DTB-102-PRO	'--	'--	20e9222a-16d8-58e3-a847-0151675bfb36	'--	'--	'--	'--
WCDT-MCRPC	cf062ffd-7f1e-49c2-87c9-a3820875b488	DTB-151	6ed17a4a-8904-47d2-ac09-8f7d519c082a	DTB-151-N	'--	'--	ca1a812d-70a0-5d14-ac6a-e5df08614ca2	'--	'--	'--	'--
WCDT-MCRPC	cf062ffd-7f1e-49c2-87c9-a3820875b488	DTB-151	bb0818ba-068e-4627-a3fe-258bf58aafbc	DTB-151-BL	'--	'--	0811ca94-7f67-53a1-a15d-ada7e1f5c754	'--	'--	'--	'--
WCDT-MCRPC	cf062ffd-7f1e-49c2-87c9-a3820875b488	DTB-151	bb0818ba-068e-4627-a3fe-258bf58aafbc	DTB-151-BL	'--	'--	46c1a65f-79e1-51a2-a218-37678c4ac3a7	'--	'--	'--	'--
WCDT-MCRPC	cf062ffd-7f1e-49c2-87c9-a3820875b488	DTB-151	bb0818ba-068e-4627-a3fe-258bf58aafbc	DTB-151-BL	'--	'--	05aace1a-0a22-58ae-8262-4a50d5febec1	'--	'--	'--	'--
WCDT-MCRPC	db32e64a-060d-4823-9316-c0076e1734af	DTB-019	2cb2704d-bf4d-462e-856a-4a1419089155	DTB-019-N	'--	'--	6962d165-75b2-587e-9f14-1e987dc94ca9	'--	'--	'--	'--
WCDT-MCRPC	db32e64a-060d-4823-9316-c0076e1734af	DTB-019	f4c3a4d4-68e3-42e7-82b3-09c865cb4847	DTB-019-PRO	'--	'--	2951c76f-b3f5-56ca-a113-29ac3c59be94	'--	'--	'--	'--
WCDT-MCRPC	db32e64a-060d-4823-9316-c0076e1734af	DTB-019	f4c3a4d4-68e3-42e7-82b3-09c865cb4847	DTB-019-PRO	'--	'--	b041a947-ee40-5354-b849-d311a57a0d8b	'--	'--	'--	'--
WCDT-MCRPC	db32e64a-060d-4823-9316-c0076e1734af	DTB-019	f4c3a4d4-68e3-42e7-82b3-09c865cb4847	DTB-019-PRO	'--	'--	865b0910-af73-502c-840d-92f62b915eff	'--	'--	'--	'--
WCDT-MCRPC	a101a17c-97bc-41fe-9301-c4f8c630d7ed	DTB-063	6459932f-4f92-4e01-a01f-bf12f43c3228	DTB-063-N	'--	'--	495683e7-b7c1-5feb-b500-20822adaacc7	'--	'--	'--	'--
WCDT-MCRPC	a101a17c-97bc-41fe-9301-c4f8c630d7ed	DTB-063	c30ab3c9-ca02-4a15-84d3-2fdabde83604	DTB-063-BL	'--	'--	2f857c4a-fca5-5568-b73e-d0dabfe1e018	'--	'--	'--	'--
WCDT-MCRPC	a101a17c-97bc-41fe-9301-c4f8c630d7ed	DTB-063	c30ab3c9-ca02-4a15-84d3-2fdabde83604	DTB-063-BL	'--	'--	636717d6-8906-5a67-9df7-33783f758b73	'--	'--	'--	'--
WCDT-MCRPC	077e956a-aecf-49aa-99d1-3d991f7da29e	DTB-135	01da40f3-f671-40bc-baf9-60730dc644c0	DTB-135-PRO	'--	'--	b4b0e0f2-170b-5a56-a9f9-b02249bee2b7	'--	'--	'--	'--
WCDT-MCRPC	077e956a-aecf-49aa-99d1-3d991f7da29e	DTB-135	01da40f3-f671-40bc-baf9-60730dc644c0	DTB-135-PRO	'--	'--	56898f29-987b-59a9-868f-66656479c3cc	'--	'--	'--	'--
WCDT-MCRPC	077e956a-aecf-49aa-99d1-3d991f7da29e	DTB-135	01da40f3-f671-40bc-baf9-60730dc644c0	DTB-135-PRO	'--	'--	7f81c2a7-c653-50dc-9344-fe47b2730e3f	'--	'--	'--	'--
WCDT-MCRPC	077e956a-aecf-49aa-99d1-3d991f7da29e	DTB-135	6633cdc1-b60e-4e29-8032-8f2272e0a2e2	DTB-135-N	'--	'--	5b03ff90-986e-5286-9e9c-d302cbba2e0c	'--	'--	'--	'--
WCDT-MCRPC	07a36dfd-a3fb-4782-8097-9854b2f9ed0b	DTB-232	0b8fa211-a155-4991-b9e1-3237e966a33e	DTB-232-N	'--	'--	0c64b613-15af-56af-9627-382739b87a07	'--	'--	'--	'--
WCDT-MCRPC	07a36dfd-a3fb-4782-8097-9854b2f9ed0b	DTB-232	2cb4d9f6-8a5b-40fd-a7f0-faeb7064a75c	DTB-232-PRO	'--	'--	19f60272-c415-5a0d-9252-7e031407c655	'--	'--	'--	'--
WCDT-MCRPC	07a36dfd-a3fb-4782-8097-9854b2f9ed0b	DTB-232	2cb4d9f6-8a5b-40fd-a7f0-faeb7064a75c	DTB-232-PRO	'--	'--	f0d3b40d-6e6a-52db-ab91-e99b46281e2b	'--	'--	'--	'--
WCDT-MCRPC	07a36dfd-a3fb-4782-8097-9854b2f9ed0b	DTB-232	2cb4d9f6-8a5b-40fd-a7f0-faeb7064a75c	DTB-232-PRO	'--	'--	73b66682-730a-554c-b3f5-ec31c2928d22	'--	'--	'--	'--
WCDT-MCRPC	cacf2cac-8bfe-4e60-b8dc-044ff5854e13	DTB-061	0a8b64ff-a6a0-4551-933d-29d67c6cc38d	DTB-061-N	'--	'--	7c4a9f7c-2554-5317-817e-59e3dcbf0260	'--	'--	'--	'--
WCDT-MCRPC	cacf2cac-8bfe-4e60-b8dc-044ff5854e13	DTB-061	1d9cd128-a6a2-482b-9fb6-25f9da069c26	DTB-061-BL	'--	'--	f3667e6c-4849-56f3-839d-4f02797cf1c9	'--	'--	'--	'--
WCDT-MCRPC	cacf2cac-8bfe-4e60-b8dc-044ff5854e13	DTB-061	1d9cd128-a6a2-482b-9fb6-25f9da069c26	DTB-061-BL	'--	'--	a779157f-79cf-5db8-bb26-0cd7877dbe08	'--	'--	'--	'--
WCDT-MCRPC	cacf2cac-8bfe-4e60-b8dc-044ff5854e13	DTB-061	1d9cd128-a6a2-482b-9fb6-25f9da069c26	DTB-061-BL	'--	'--	7dbd40c5-3be3-569f-978b-f0e323566bce	'--	'--	'--	'--
WCDT-MCRPC	5d8e83a0-7c66-4692-87ec-204c01b0038f	DTB-220	2294ed8d-5db8-428b-82f6-eed169d9ad8d	DTB-220-BL	'--	'--	8eb3b2e7-5e2e-5752-a37f-e13604d1927d	'--	'--	'--	'--
WCDT-MCRPC	5d8e83a0-7c66-4692-87ec-204c01b0038f	DTB-220	2294ed8d-5db8-428b-82f6-eed169d9ad8d	DTB-220-BL	'--	'--	bb2e3858-e013-522e-a920-173a43be19bf	'--	'--	'--	'--
WCDT-MCRPC	5d8e83a0-7c66-4692-87ec-204c01b0038f	DTB-220	2294ed8d-5db8-428b-82f6-eed169d9ad8d	DTB-220-BL	'--	'--	8b683a82-2268-58f7-9497-450b1c5afe43	'--	'--	'--	'--
WCDT-MCRPC	5d8e83a0-7c66-4692-87ec-204c01b0038f	DTB-220	28b1d86e-8cf1-4bdb-b819-0104150f45bb	DTB-220-N	'--	'--	90be6916-d85e-53be-8abc-dab4eea5fef8	'--	'--	'--	'--
WCDT-MCRPC	82e831b4-d33b-40bf-98e1-e9e8fcfc7a3f	DTB-202	0c63a564-1b52-478a-89d5-9ae6a67c1e14	DTB-202-BL	'--	'--	1f6e5a82-d045-5803-9feb-1b91a12cc471	'--	'--	'--	'--
WCDT-MCRPC	82e831b4-d33b-40bf-98e1-e9e8fcfc7a3f	DTB-202	0c63a564-1b52-478a-89d5-9ae6a67c1e14	DTB-202-BL	'--	'--	d2915173-15fa-54ed-a84c-0c1e38f273ff	'--	'--	'--	'--
WCDT-MCRPC	82e831b4-d33b-40bf-98e1-e9e8fcfc7a3f	DTB-202	0c63a564-1b52-478a-89d5-9ae6a67c1e14	DTB-202-BL	'--	'--	25220414-476d-5faf-86bb-3c00af81ee08	'--	'--	'--	'--
WCDT-MCRPC	82e831b4-d33b-40bf-98e1-e9e8fcfc7a3f	DTB-202	21210f1e-357e-4775-8d15-736154178781	DTB-202-N	'--	'--	e6822f0d-010e-5ad3-88c5-884300d53a1a	'--	'--	'--	'--
WCDT-MCRPC	21ec836d-7315-4bd2-9a9a-f2c2f4683a66	DTB-071	749f1908-a262-43df-9dac-1f4f8060ec01	DTB-071-BL	'--	'--	23ddce7d-cdbb-514f-b090-0617ea931bd8	'--	'--	'--	'--
WCDT-MCRPC	21ec836d-7315-4bd2-9a9a-f2c2f4683a66	DTB-071	749f1908-a262-43df-9dac-1f4f8060ec01	DTB-071-BL	'--	'--	2b11f349-f8fc-5931-af3b-55357045f5f0	'--	'--	'--	'--
WCDT-MCRPC	21ec836d-7315-4bd2-9a9a-f2c2f4683a66	DTB-071	749f1908-a262-43df-9dac-1f4f8060ec01	DTB-071-BL	'--	'--	9a764e53-b687-5ab9-8778-dcccbe193a73	'--	'--	'--	'--
WCDT-MCRPC	21ec836d-7315-4bd2-9a9a-f2c2f4683a66	DTB-071	8f46a696-cbbc-4880-b11c-56a1d9edcf14	DTB-071-N	'--	'--	f2b77ca3-808b-5fab-bcb9-69d49572d49f	'--	'--	'--	'--
WCDT-MCRPC	ef35b55e-b4a1-4a57-a039-2ab67594e3cf	DTB-126	237b9ab3-e48e-4a45-94ca-e09b7fb247ba	DTB-126-N	'--	'--	de7f196a-56d7-5921-9eaa-413c03253933	'--	'--	'--	'--
WCDT-MCRPC	ef35b55e-b4a1-4a57-a039-2ab67594e3cf	DTB-126	8f7f45f6-30b4-4475-90c7-af4f8df3b5ce	DTB-126-BL	'--	'--	e4c566d7-0959-5081-af8a-1969bd89759e	'--	'--	'--	'--
WCDT-MCRPC	ef35b55e-b4a1-4a57-a039-2ab67594e3cf	DTB-126	8f7f45f6-30b4-4475-90c7-af4f8df3b5ce	DTB-126-BL	'--	'--	5a6068e1-1315-54b0-aa56-08f41cc0af9c	'--	'--	'--	'--
WCDT-MCRPC	ef35b55e-b4a1-4a57-a039-2ab67594e3cf	DTB-126	8f7f45f6-30b4-4475-90c7-af4f8df3b5ce	DTB-126-BL	'--	'--	46737e67-1334-5981-a82e-4b1395853306	'--	'--	'--	'--
WCDT-MCRPC	07275729-f2a1-4c13-9590-d892e927a41b	DTB-194	46c984bc-697f-4c05-85f7-272b3176c24b	DTB-194-N	'--	'--	83d63c28-57e0-5802-b403-328985e334d3	'--	'--	'--	'--
WCDT-MCRPC	07275729-f2a1-4c13-9590-d892e927a41b	DTB-194	9749273b-5530-46b9-bf70-3abf4a1aec44	DTB-194-TUMOR_ADJACENT-N	'--	'--	af842019-6cc4-5941-b26a-b27576aa619b	'--	'--	'--	'--
WCDT-MCRPC	07275729-f2a1-4c13-9590-d892e927a41b	DTB-194	b2fd258b-d158-4112-8c06-b59aebc28864	DTB-194-PRO	'--	'--	90b8f141-78b8-5b50-be4d-e7f10e5069c1	'--	'--	'--	'--
WCDT-MCRPC	07275729-f2a1-4c13-9590-d892e927a41b	DTB-194	b2fd258b-d158-4112-8c06-b59aebc28864	DTB-194-PRO	'--	'--	e0c0756f-e858-5b42-8846-250b504bbb64	'--	'--	'--	'--
WCDT-MCRPC	07275729-f2a1-4c13-9590-d892e927a41b	DTB-194	b2fd258b-d158-4112-8c06-b59aebc28864	DTB-194-PRO	'--	'--	a350b513-b83b-5c88-a071-7b3a041b3977	'--	'--	'--	'--
WCDT-MCRPC	9ddfcb89-bb5f-4060-bd56-31f3c6dc94d4	DTB-234	9fd1274a-3f7f-4693-be28-c5e504ca48ab	DTB-234-BL	'--	'--	f92e6f34-c272-5663-ad93-a0627a75f166	'--	'--	'--	'--
WCDT-MCRPC	9ddfcb89-bb5f-4060-bd56-31f3c6dc94d4	DTB-234	9fd1274a-3f7f-4693-be28-c5e504ca48ab	DTB-234-BL	'--	'--	c0a2c323-c515-50f1-8a2a-ccab1b2ef657	'--	'--	'--	'--
WCDT-MCRPC	9ddfcb89-bb5f-4060-bd56-31f3c6dc94d4	DTB-234	9fd1274a-3f7f-4693-be28-c5e504ca48ab	DTB-234-BL	'--	'--	40154d46-22f2-561b-a1da-6690a4cc11b4	'--	'--	'--	'--
WCDT-MCRPC	9ddfcb89-bb5f-4060-bd56-31f3c6dc94d4	DTB-234	cba10117-80da-48b2-8575-4346013443b3	DTB-234-N	'--	'--	c5005f26-a579-545b-9051-2515a569fca6	'--	'--	'--	'--
WCDT-MCRPC	de6840ec-3973-495f-9656-1cb4121b1dd8	DTB-138	37466d5e-1147-47e3-ba8d-4e9450889e01	DTB-138-N	'--	'--	05831f5d-0dbf-5f69-976f-f63e68249f5c	'--	'--	'--	'--
WCDT-MCRPC	de6840ec-3973-495f-9656-1cb4121b1dd8	DTB-138	97191de3-a9b7-4d8a-9b62-ab46c4d89f85	DTB-138-BL	'--	'--	662251c7-3453-5b71-be6e-32d8af36d104	'--	'--	'--	'--
WCDT-MCRPC	de6840ec-3973-495f-9656-1cb4121b1dd8	DTB-138	97191de3-a9b7-4d8a-9b62-ab46c4d89f85	DTB-138-BL	'--	'--	87d57a1e-488c-51df-98a8-87dcc89fcaa3	'--	'--	'--	'--
WCDT-MCRPC	de6840ec-3973-495f-9656-1cb4121b1dd8	DTB-138	97191de3-a9b7-4d8a-9b62-ab46c4d89f85	DTB-138-BL	'--	'--	46f5e890-e1ab-541b-90f7-922a39be1b61	'--	'--	'--	'--
WCDT-MCRPC	ff6b1323-6000-4eb5-9542-cb94fa4685fa	DTB-121	2dd8e800-3e10-4d0f-b41d-8bbf3e3ff96b	DTB-121-N	'--	'--	e383b5f2-d253-5693-a51f-dc9c323d86a1	'--	'--	'--	'--
WCDT-MCRPC	ff6b1323-6000-4eb5-9542-cb94fa4685fa	DTB-121	eae3048a-2d3c-4f52-a51b-ad91feddd964	DTB-121-BL	'--	'--	e24de95a-c0dc-5455-8ce1-8f7461fb3fa3	'--	'--	'--	'--
WCDT-MCRPC	ff6b1323-6000-4eb5-9542-cb94fa4685fa	DTB-121	eae3048a-2d3c-4f52-a51b-ad91feddd964	DTB-121-BL	'--	'--	6ed04f4c-d2d8-546c-87fa-4d78b984ca23	'--	'--	'--	'--
WCDT-MCRPC	ff6b1323-6000-4eb5-9542-cb94fa4685fa	DTB-121	eae3048a-2d3c-4f52-a51b-ad91feddd964	DTB-121-BL	'--	'--	21f82bee-31e3-536b-8cc9-a325b3f6adef	'--	'--	'--	'--
WCDT-MCRPC	62a27eac-d60d-4029-b043-564fb6f70a28	DTB-172	4ce9c65e-1be2-4217-9254-1fcd8f9fe27e	DTB-172-BL	'--	'--	45e1b6cb-62ca-5825-a059-381e1187bdb5	'--	'--	'--	'--
WCDT-MCRPC	62a27eac-d60d-4029-b043-564fb6f70a28	DTB-172	4ce9c65e-1be2-4217-9254-1fcd8f9fe27e	DTB-172-BL	'--	'--	c9bcb132-dff9-586d-a3a9-95f15e7f6c53	'--	'--	'--	'--
WCDT-MCRPC	62a27eac-d60d-4029-b043-564fb6f70a28	DTB-172	4ce9c65e-1be2-4217-9254-1fcd8f9fe27e	DTB-172-BL	'--	'--	4feef09c-5ec4-5ff3-b111-00250e8879fa	'--	'--	'--	'--
WCDT-MCRPC	62a27eac-d60d-4029-b043-564fb6f70a28	DTB-172	8d8d2b57-0f23-4b7b-9efa-c79fd14f6961	DTB-172-N	'--	'--	c857f58e-56e4-51c4-bbbb-b81e0f61da28	'--	'--	'--	'--
WCDT-MCRPC	ca0bf0f3-12d9-46c0-bb87-0041d5af29ae	DTB-141	1e843dfd-5159-47fb-8e55-832b5a5580e8	DTB-141-BL	'--	'--	349c9b58-c044-52ef-afe1-7d5903cdfcc1	'--	'--	'--	'--
WCDT-MCRPC	ca0bf0f3-12d9-46c0-bb87-0041d5af29ae	DTB-141	1e843dfd-5159-47fb-8e55-832b5a5580e8	DTB-141-BL	'--	'--	4c061140-3c5a-523e-81cf-a7116dd1776c	'--	'--	'--	'--
WCDT-MCRPC	ca0bf0f3-12d9-46c0-bb87-0041d5af29ae	DTB-141	1e843dfd-5159-47fb-8e55-832b5a5580e8	DTB-141-BL	'--	'--	11a47189-d491-56ed-9e13-9617edc03571	'--	'--	'--	'--
WCDT-MCRPC	ca0bf0f3-12d9-46c0-bb87-0041d5af29ae	DTB-141	3eccc5dc-bb21-429a-a974-86872b661ca6	DTB-141-N	'--	'--	7e12d6a9-a302-5828-a818-5fbc961185c1	'--	'--	'--	'--
WCDT-MCRPC	54bac2a8-b3ce-4612-9462-64ee585dfb78	DTB-112	285fd7aa-2806-40be-b979-5c1ed3fcec07	DTB-112-N	'--	'--	77a41ac4-ba79-57cb-b37c-f298d51a7e3e	'--	'--	'--	'--
WCDT-MCRPC	54bac2a8-b3ce-4612-9462-64ee585dfb78	DTB-112	84bb35e7-5977-4d94-9916-0f8991aa9516	DTB-112-BL	'--	'--	7c620bf3-890d-5a29-bbbc-7cbd5906b557	'--	'--	'--	'--
WCDT-MCRPC	54bac2a8-b3ce-4612-9462-64ee585dfb78	DTB-112	84bb35e7-5977-4d94-9916-0f8991aa9516	DTB-112-BL	'--	'--	9c534525-375b-5550-8a5b-8e092c43a48c	'--	'--	'--	'--
WCDT-MCRPC	54bac2a8-b3ce-4612-9462-64ee585dfb78	DTB-112	84bb35e7-5977-4d94-9916-0f8991aa9516	DTB-112-BL	'--	'--	76110751-c951-58c2-a592-d59232f278af	'--	'--	'--	'--
WCDT-MCRPC	77d93859-8c56-49ea-9278-223b2ca797cd	DTB-090	1ca9d838-9372-4466-bca5-23b6415260ca	DTB-090-N	'--	'--	dea44a60-ece4-5257-8ee0-7e78daf94491	'--	'--	'--	'--
WCDT-MCRPC	77d93859-8c56-49ea-9278-223b2ca797cd	DTB-090	7ae21ed4-eaab-4326-bffb-6ede72a6c31d	DTB-090-PRO	'--	'--	ffd02617-468a-593d-8c52-1b19ba4516f5	'--	'--	'--	'--
WCDT-MCRPC	77d93859-8c56-49ea-9278-223b2ca797cd	DTB-090	7ae21ed4-eaab-4326-bffb-6ede72a6c31d	DTB-090-PRO	'--	'--	7b6a40ef-3f91-59d4-b808-ae612887376d	'--	'--	'--	'--
WCDT-MCRPC	77d93859-8c56-49ea-9278-223b2ca797cd	DTB-090	7ae21ed4-eaab-4326-bffb-6ede72a6c31d	DTB-090-PRO	'--	'--	201ae745-7664-5da0-8905-b58a2bd3b022	'--	'--	'--	'--
WCDT-MCRPC	5979a9cc-bf1c-44fc-b609-209eb125166c	DTB-149	4f0bcad4-979b-40bd-97cb-60704dcf94ec	DTB-149-BL	'--	'--	24ad264f-07f6-5323-a6e8-8e84829b0fe0	'--	'--	'--	'--
WCDT-MCRPC	5979a9cc-bf1c-44fc-b609-209eb125166c	DTB-149	4f0bcad4-979b-40bd-97cb-60704dcf94ec	DTB-149-BL	'--	'--	940ba738-ca9e-5b1a-b41c-7fd584c786bb	'--	'--	'--	'--
WCDT-MCRPC	5979a9cc-bf1c-44fc-b609-209eb125166c	DTB-149	4f0bcad4-979b-40bd-97cb-60704dcf94ec	DTB-149-BL	'--	'--	01a57373-a459-5838-860c-de7026ef3176	'--	'--	'--	'--
WCDT-MCRPC	5979a9cc-bf1c-44fc-b609-209eb125166c	DTB-149	ddda902f-043b-4070-9895-254b796d1cfd	DTB-149-N	'--	'--	3d7c9c66-1190-5a29-9937-eb36c4e3641e	'--	'--	'--	'--
WCDT-MCRPC	5a80d0a4-b468-4ada-a901-2e97649abb8d	DTB-069	410aedb5-6695-4bfa-b9c4-ad232995de3e	DTB-069-BL	'--	'--	014355e6-2ec6-599f-8331-e5a2dc2300fc	'--	'--	'--	'--
WCDT-MCRPC	5a80d0a4-b468-4ada-a901-2e97649abb8d	DTB-069	410aedb5-6695-4bfa-b9c4-ad232995de3e	DTB-069-BL	'--	'--	4cb7a93b-cab0-528f-9604-591ddf328cc6	'--	'--	'--	'--
WCDT-MCRPC	5a80d0a4-b468-4ada-a901-2e97649abb8d	DTB-069	410aedb5-6695-4bfa-b9c4-ad232995de3e	DTB-069-BL	'--	'--	034eabfe-9f59-5376-a7a5-a1e383e9ee87	'--	'--	'--	'--
WCDT-MCRPC	5a80d0a4-b468-4ada-a901-2e97649abb8d	DTB-069	48faf6b7-31b8-419e-bad4-8feceaed2beb	DTB-069-N	'--	'--	9da9d560-8c78-5059-8262-ee8625e77c80	'--	'--	'--	'--
WCDT-MCRPC	8e7288c7-d81a-49d7-9568-9c524c5faf3e	DTB-265	19dbc5c1-5210-4ef9-870a-0f169e10ff3f	DTB-265-N	'--	'--	51d90b7f-edc2-56dc-bef5-997373ec2759	'--	'--	'--	'--
WCDT-MCRPC	8e7288c7-d81a-49d7-9568-9c524c5faf3e	DTB-265	81947ba5-9fe0-4880-ab48-177b81a876e2	DTB-265-PRO	'--	'--	bd767afa-fe2d-5618-a8de-8d858e465588	'--	'--	'--	'--
WCDT-MCRPC	8e7288c7-d81a-49d7-9568-9c524c5faf3e	DTB-265	81947ba5-9fe0-4880-ab48-177b81a876e2	DTB-265-PRO	'--	'--	6a20a21f-e053-529f-80b6-3507c58fdd94	'--	'--	'--	'--
WCDT-MCRPC	8e7288c7-d81a-49d7-9568-9c524c5faf3e	DTB-265	81947ba5-9fe0-4880-ab48-177b81a876e2	DTB-265-PRO	'--	'--	ba1970f9-cbfb-5c27-919f-b3a23d98ea74	'--	'--	'--	'--
WCDT-MCRPC	8426b990-1ebe-4005-bbf8-52849f99a557	DTB-124	4359f198-ea44-4a57-ba79-932a79494371	DTB-124-TUMOR_ADJACENT-N	'--	'--	a12674d1-aefb-53f2-8d6c-9ef9a0ac7c0b	'--	'--	'--	'--
WCDT-MCRPC	8426b990-1ebe-4005-bbf8-52849f99a557	DTB-124	7c0f3ae4-6b7e-4dbc-a4e1-c626db5c0711	DTB-124-N	'--	'--	a7b7069c-4940-5d5e-9392-118283dfe11a	'--	'--	'--	'--
WCDT-MCRPC	8426b990-1ebe-4005-bbf8-52849f99a557	DTB-124	8eed18b3-f6c9-4dba-adfc-a44164c40e84	DTB-124-BL	'--	'--	3ef4b6ee-a7df-59c8-b477-a6cd739d9ff6	'--	'--	'--	'--
WCDT-MCRPC	8426b990-1ebe-4005-bbf8-52849f99a557	DTB-124	8eed18b3-f6c9-4dba-adfc-a44164c40e84	DTB-124-BL	'--	'--	b2d28ae2-1efa-556e-9a9c-4656d574f39f	'--	'--	'--	'--
WCDT-MCRPC	8426b990-1ebe-4005-bbf8-52849f99a557	DTB-124	8eed18b3-f6c9-4dba-adfc-a44164c40e84	DTB-124-BL	'--	'--	7aea0eca-4a0f-5936-b7aa-5bc17f58de13	'--	'--	'--	'--
WCDT-MCRPC	8fbf3d17-bd0c-4ca9-8948-6f473d12c808	DTB-094	4da3876d-1bf2-433b-9410-e879d1b4964f	DTB-094-N	'--	'--	18819944-c33c-5632-b157-52d2ae000fb1	'--	'--	'--	'--
WCDT-MCRPC	8fbf3d17-bd0c-4ca9-8948-6f473d12c808	DTB-094	4dad75f3-0592-4cae-b48d-9d5a5d2ec085	DTB-094-BL	'--	'--	28dd5e71-f6ac-5085-8ac1-20eceec9df48	'--	'--	'--	'--
WCDT-MCRPC	8fbf3d17-bd0c-4ca9-8948-6f473d12c808	DTB-094	4dad75f3-0592-4cae-b48d-9d5a5d2ec085	DTB-094-BL	'--	'--	dabee38f-a2c4-50cc-90a2-2db4a4b6ad67	'--	'--	'--	'--
WCDT-MCRPC	8fbf3d17-bd0c-4ca9-8948-6f473d12c808	DTB-094	4dad75f3-0592-4cae-b48d-9d5a5d2ec085	DTB-094-BL	'--	'--	88312b9d-82a2-5d03-ae9b-e1c4d8c57a40	'--	'--	'--	'--
WCDT-MCRPC	2684d9b1-8298-4d4d-ac0a-efdbb7a1ffc5	DTB-018	22b52811-c37f-4836-89c6-21fa3e020c2e	DTB-018-BL	'--	'--	f51b6ece-3557-5d84-99eb-b2633861709c	'--	'--	'--	'--
WCDT-MCRPC	2684d9b1-8298-4d4d-ac0a-efdbb7a1ffc5	DTB-018	22b52811-c37f-4836-89c6-21fa3e020c2e	DTB-018-BL	'--	'--	8eebed52-90b4-5988-bc88-8f0c99973421	'--	'--	'--	'--
WCDT-MCRPC	2684d9b1-8298-4d4d-ac0a-efdbb7a1ffc5	DTB-018	22b52811-c37f-4836-89c6-21fa3e020c2e	DTB-018-BL	'--	'--	1fcb0b9c-3556-548b-9be0-879d3843feec	'--	'--	'--	'--
WCDT-MCRPC	2684d9b1-8298-4d4d-ac0a-efdbb7a1ffc5	DTB-018	7059021e-b953-473e-bf1e-75e72aac92da	DTB-018-N	'--	'--	dd9a2a09-9f3e-578d-8a74-96522f8c504b	'--	'--	'--	'--
WCDT-MCRPC	085918b1-9260-48ab-b713-1dc4a12df9ba	DTB-092	3816b5f6-2448-43ce-9ab6-610043c50a76	DTB-092-N	'--	'--	0477fc93-05bd-5ca8-988a-1b32c6379807	'--	'--	'--	'--
WCDT-MCRPC	085918b1-9260-48ab-b713-1dc4a12df9ba	DTB-092	c2c7cfa6-2d58-440b-8f90-36a7544ac7ae	DTB-092-BL	'--	'--	6a06ed22-5d9e-593a-b277-3e9b17040f2c	'--	'--	'--	'--
WCDT-MCRPC	085918b1-9260-48ab-b713-1dc4a12df9ba	DTB-092	c2c7cfa6-2d58-440b-8f90-36a7544ac7ae	DTB-092-BL	'--	'--	d8131627-dd53-582f-9e9d-dd6f618ec24f	'--	'--	'--	'--
WCDT-MCRPC	085918b1-9260-48ab-b713-1dc4a12df9ba	DTB-092	c2c7cfa6-2d58-440b-8f90-36a7544ac7ae	DTB-092-BL	'--	'--	58bc3587-6d7e-5097-8343-df42b0d7672b	'--	'--	'--	'--
WCDT-MCRPC	76bd2c41-6c6d-45e3-aaa4-4a1812ad516a	DTB-176	5c7ca7b6-0043-414d-ae15-5ba54e19ef46	DTB-176-N	'--	'--	945f1844-2255-534d-ab91-828946c525a7	'--	'--	'--	'--
WCDT-MCRPC	76bd2c41-6c6d-45e3-aaa4-4a1812ad516a	DTB-176	85702297-b01c-4a73-bd6a-f0a168836f8e	DTB-176-BL	'--	'--	b5a40cde-4e13-59a6-8aba-d29a4cda678c	'--	'--	'--	'--
WCDT-MCRPC	76bd2c41-6c6d-45e3-aaa4-4a1812ad516a	DTB-176	85702297-b01c-4a73-bd6a-f0a168836f8e	DTB-176-BL	'--	'--	6a7c6d3f-60e4-5bf6-8b22-4e02d98cb0ae	'--	'--	'--	'--
WCDT-MCRPC	76bd2c41-6c6d-45e3-aaa4-4a1812ad516a	DTB-176	85702297-b01c-4a73-bd6a-f0a168836f8e	DTB-176-BL	'--	'--	65b90c96-2325-5df0-84f9-8fa728f7032f	'--	'--	'--	'--
WCDT-MCRPC	71af5baa-bd0e-4e09-ae02-abb2e07c0ee5	DTB-258	07dd5bc9-98ec-460c-9dce-aa94c13702aa	DTB-258-N	'--	'--	13bd677d-517f-5d73-9065-99e795966cf3	'--	'--	'--	'--
WCDT-MCRPC	71af5baa-bd0e-4e09-ae02-abb2e07c0ee5	DTB-258	c912d418-ce39-418a-aa50-51ee161d4e13	DTB-258-BL	'--	'--	d46f5860-d425-51db-824c-b93fecf916c3	'--	'--	'--	'--
WCDT-MCRPC	71af5baa-bd0e-4e09-ae02-abb2e07c0ee5	DTB-258	c912d418-ce39-418a-aa50-51ee161d4e13	DTB-258-BL	'--	'--	c76a1bd6-39b4-5614-b968-786d81b0f17b	'--	'--	'--	'--
WCDT-MCRPC	71af5baa-bd0e-4e09-ae02-abb2e07c0ee5	DTB-258	c912d418-ce39-418a-aa50-51ee161d4e13	DTB-258-BL	'--	'--	5031b5fa-a312-5838-a1c7-9eb9e6ffa534	'--	'--	'--	'--
